Workbook
Name fmsS4: #REF!
Name fmsS2: #REF!
Name fmsS0: #REF!
Name fmsS1: #REF!
Name fmsS3: #REF!
Name misadS: 'MIS Archived Data'!$F:$J

Sheet CB
A1: Timestamp | B1: Your Name | C1: Client Name | D1: Sample of corrected format / photo of issue 1 | E1: Filter parameter (eg. semester, course, college, user, etc.) | F1: Type of issues | G1: Remarks | H1: Product name | I1: Report name | J1: I cofirm that I am clear with what is desired. | K1: Sample of corrected format / photo of issue 2 | L1: Email address | M1: Date
A2: 46083.579 | B2: Satish Kumar | C2: SMKV Bastar | D2: https://drive.google.com/open?id=19u430GOlyn0rSoq9ahjVQpRbpRXgsYJR | E2: as per the previous | F2: Other changes | G2: For the internal marks report, the download is showing blank data for every college. Kindly check and update. | H2: Smart-Exam | I2: marks entry report | J2: Yes | L2: satishkumar@learningspiral.co.in
A3: 46083.614 | B3: Khaleshwar | C3: KSU | D3: https://drive.google.com/open?id=1x4edvsdekkUBgTfjVm6qG_KDX-E6l2g5 | E3: admin | F3: Other changes | G3: ad | H3: Smart-Exam | I3: overalll pass report | J3: Yes | L3: khaleshwar@learningspiral.co.in
A4: 46083.615 | B4: khaleshwar | C4: singhaia university | D4: https://drive.google.com/open?id=1NOx1iLZmGhc7tYXwI9Y7kiH3Q8qUV4ns | E4: admin | F4: Other changes | G4: ad | H4: Smart-Exam | I4: cbcs tr report | J4: Yes | L4: khaleshwar@learningspiral.co.in
A5: 46084.634 | B5: Khaleshwar | C5: Singhania university | D5: https://drive.google.com/open?id=1YS3OdsLOL5lx_oG2WYzClsTQbBoq8L9f | E5: Admin | F5: Other changes | G5: Ad | H5: Smart-Exam | I5: Marksheet | J5: Yes | L5: khaleshwar@learningspiral.co.in
A6: 46084.659 | B6: Khaleshwar | C6: KSU | D6: https://drive.google.com/open?id=1tKfvhFOwLb02atunVIXX3DgDAYpXE3hE | E6: ADMIT | F6: Other changes | G6: ad | H6: Smart-Exam | I6: FINEL RESULT | J6: Yes | L6: khaleshwar@learningspiral.co.in
A7: 46086.442 | B7: chintu singh | C7: igu | D7: https://drive.google.com/open?id=1OD1An2IaORabIwBY4HzmndtIVbG7Yj7M | E7: Pls do the needful as per format for the session 2024-25 | F7: Change in logic, Change in design | G7: Pls do the needful as per format for the session 2024-25 | H7: Smart-Exam | I7: Pls do the needful as per format for the session 2024-25 | J7: Yes | L7: chintusingh@learningspiral.co.in
A8: 46086.688 | B8: AMIT YADU | C8: HYU, DURG | D8: https://drive.google.com/open?id=1r4zvF6Y3tMtUvatGlNYuK4boFFwhhAtl | E8: COURSE/SEMESTER | F8: Other changes | G8: DISTRICT WISE REPORT WAS NOT SHOWING | H8: Smart-Exam | I8: ENROLLMENT/REGISTRAION REPORT NEP | J8: Yes | L8: amityadu.gniit@gmail.com
A9: 46086.69 | B9: AMIT YADU | C9: HYU, DURG | D9: https://drive.google.com/open?id=14KDAIDpklWHuU6oGIDLbvDVRFrP40FLt | E9: SEM/COURSE | F9: Other changes | G9: TR IS NOT DOWNLOADING, PLZ SEND TR THROUGH MAIL (B.A. 1ST NEP) | H9: Smart-Exam | I9: TR REPORT | J9: Yes | L9: amityadu.gniit@gmail.com
A10: 46087.457 | B10: HARSHIT KUMAR | C10: IGU | D10: https://drive.google.com/open?id=1c8SyByaGMVOXS1UOmovp8hOBtGosM8I9 | E10: B.SC 2ND SEM REVAL MAY-2019 MARKSHEET BLANK | F10: Report not downloading | G10: DO THE CORRECTION AS PER ATTACHMENT | H10: Smart-Exam | I10: B.SC 2ND SEM REVAL MAY-2019 MARKSHEET BLANK | J10: Yes | K10: https://drive.google.com/open?id=1SsqLTD-dgURQgOkX6_iwGRf5AnZ2-MXC | L10: harshitkumar@learningspiral.co.in | U10: 0
A11: 46087.639 | B11: Ravikant Dewangan | C11: GAU | D11: https://drive.google.com/open?id=1aKyJqfwu32ugiHXZJRDPtCQIVoZLAoBv | E11: College Course | F11: Change in logic | G11: GAU Generate Attendance Sheet BAMS MARCH 2026 | H11: UCanAssess | I11: GAU Generate Attendance Sheet BAMS MARCH 2026 | J11: Yes | L11: tamannadewangan@learningspiral.co.in | U11: 0
A12: 46087.733 | B12: Rohit Singh | C12: SMKV | D12: https://drive.google.com/open?id=15Q0Dy3l85zME3ucBYLxN1KfeY5HjeRs1 | E12: Course Wise | F12: Change in design | G12: Please update the max marks as per discussion | H12: Smart-Exam | I12: Marks Entry Report | J12: Yes | L12: rohitsingh@learningspiral.co.in | U12: 0
A13: 46087.776 | B13: satish kumar | C13: smkv bastar | D13: https://drive.google.com/open?id=1m_Sul2U-W0TWqbD0-Ha_VKFeTXGhbnME | E13: as per the previous | F13: Other changes | G13: PLease update as per the discussion | H13: Smart-Exam | I13: exam time table repoort | J13: Yes | L13: satishkumar@learningspiral.co.in
A14: 46088.417 | B14: Ravikant Dewangan | C14: GAU | D14: https://drive.google.com/open?id=1RqYoKVO2NpX0W6xe-eXRPGH4mph-QX1r | E14: College & Course | F14: Change in logic | G14: Please generate the qr sticker in the previous format using the following table details: SELECT * FROM `gau_qrcode_generate`.`GAU_BAMS_march_2026_2nd` | H14: UCanAssess | I14: GAU Generate Attendance Sheet BAMS MARCH 2026 2nd LOT | J14: Yes | L14: tamannadewangan@learningspiral.co.in
A15: 46088.443 | B15: Rohit Singh | C15: SMKV | D15: https://drive.google.com/open?id=1V0vddiHHf4B6GfLRctFj1SAMRM3L74vN | E15: Course wise | F15: Change in design | G15: Please implement the changes as per discussion | H15: Smart-Exam | I15: Marks Sheet NEP | J15: Yes | L15: rohitsingh@learningspiral.co.in | U15: 0
A16: 46090.496 | B16: HARSHIT KUMAR | C16: IGU | D16: https://drive.google.com/open?id=1ptziOTMmZrCYpXt5GYuL_CSDh5BVDjfd | E16: M.S.W 3RD SEM TR NO OF PAGES | F16: Change in logic | G16: DO THE CORRECTION AS PER ATTACHMENT | H16: Smart-Exam | I16: M.S.W 3RD SEM TR NO OF PAGES | J16: Yes | K16: https://drive.google.com/open?id=1GhOv8mz381d4E3x_VLwIW5-p1t9lLxhc | L16: harshitkumar@learningspiral.co.in
A17: 46090.535 | B17: DEEPAK | C17: GNSU | D17: https://drive.google.com/open?id=1aWiOoYam2GpEK8YnwoRT49EBkzqy_8eU | E17: Gold Medel Certificate Final Year ( Annual Exam(PG)) PG MD - Anaesthesiology ( ANSTH)_SE15 | F17: Report not downloading | G17: KINDLY UPDATE THE FOURTH CONVOCATION | H17: Smart-Exam | I17: Gold Medel Certificate Gnsu | J17: Yes | L17: deepakkayal@learningspiral.co.in
A18: 46090.538 | B18: CHINTU SINGH | C18: IGU | D18: https://drive.google.com/open?id=18KNmdhuUgubw11G2MCGG5NxlwpOAV5Hd | E18: Regarding for M.ed 1st Sem regular admit card not show in roll number | F18: Report not downloading, Change in logic | G18: Regarding for M.ed 1st Sem regular admit card not show in roll number | H18: Smart-Exam | I18: ADMIT CARD | J18: Yes | L18: chintusingh@learningspiral.co.in
A19: 46090.54 | B19: Rajesh Gupta | C19: SKS International University | D19: https://drive.google.com/open?id=149MzaH_Hqy0Kc49qyQ8_hDoFh1wv57hv | E19: Course | F19: Other changes | G19: Please add the one Colome Year/Semester in this format | H19: Smart-Exam | I19: Enrolment/Exam form report | J19: Yes | L19: rajeshgupta@learningspiral.co.in
A20: 46090.576 | B20: KAMINI THAKUR | C20: SGBAU | D20: https://drive.google.com/open?id=1FHnmm9S1-hSTFSC3RsuK_6ONkwRAOhP5 | E20: MHRD TR | F20: Other changes | G20: TR RESULT HOSTING COLLEGEWISE ME TH MHRD KA FILE HONA | H20: Smart-Exam | I20: MULTIPLE REPORT | J20: Yes | L20: kamini19121985@gmail.com
A21: 46090.595 | B21: Tusar Chhatui | C21: MGU | D21: https://drive.google.com/open?id=1qNvVBFPAHJiUBsWL1nv9u2wF3iJvNQFW | E21: FINAL YEAR | F21: Change in logic | G21: Degree certificate correction | H21: Smart-Exam | I21: Degree certificate correction | J21: Yes | L21: tusarchhatui@learningspiral.co.in
A22: 46091.619 | B22: VIRENDRA KUMAR | C22: JMI | D22: https://drive.google.com/open?id=1NRuw0QT4OaOeoGGNGnwy8TTh4L345iwz | E22: provisional certificate | F22: Report not downloading | G22: signature change of off. controller | H22: Other | I22: provisional certificate | J22: Yes | K22: https://drive.google.com/open?id=1IT-DOUHCHA_GDyYxu14x9KVYkxUE8gUa | L22: virendrakumar@learningspiral.co.in
A23: 46091.623 | B23: Satish Kumar | C23: SMKV BASTAR | D23: https://drive.google.com/open?id=1UjbYREPBhDD-euOMZ8H138a_yA8ibX8w | E23: AS PER PREVIOUS | F23: Other changes | G23: PLEASE CHECK AND UPDATE AS THE ANNUAL SCHEMA | H23: Smart-Exam | I23: COLLEGE WISE TIME TABLE | J23: Yes | L23: satishkumar@learningspiral.co.in
A24: 46091.739 | B24: Rohit Singh | C24: SMKV | D24: https://drive.google.com/open?id=1VQdMSwGGC166jr8p8KNzfiC4JOIvWNjA | E24: Course Wise | F24: Change in design | G24: please do this | H24: Smart-Exam | I24: TR | J24: Yes | L24: rohitsingh@learningspiral.co.in
A25: 46091.813 | B25: Somen parui | C25: MZU | D25: https://drive.google.com/open?id=1tLUZlvAhMzVIoEjuJTxG8SW39MfeB9qN | E25: C000001,SE25,SM02,RE-APPEAR | F25: Change in design | G25: discuss with rup | H25: Smart-Exam | I25: 3152 | J25: Yes | L25: somenparui@learningspiral.co.in
A26: 46092.634 | B26: Ujjal das | C26: KSDSU | D26: https://drive.google.com/open?id=1tTlI48zeE6apcAG3ezeECElMTFARrLEE | E26: Upshastri 1st year | F26: Report not downloading | G26: TR not download | H26: Smart-Exam | I26: Upshastri TR not Download | J26: Yes | L26: ujjallspldas@gmail.com
A27: 46093.45 | B27: Khaleshwar | C27: SU | D27: https://drive.google.com/open?id=1JT8GKwXxYmlulArzMkxreZFRkxi8pkh7 | E27: college | F27: Other changes | G27: CBCS TR chnage the filter all and add collge wise | H27: Smart-Exam | I27: CBCS TR chnage the filter all and add collge wise | J27: Yes | L27: khaleshwar@learningspiral.co.in
A28: 46093.451 | B28: Khaleshwar | C28: SU | D28: https://drive.google.com/open?id=1OxKOYLqkTjPCGNz6ii-WWZ79g-N2yjad | E28: admin | F28: Other changes | G28: chnage the filter all and add collge wise | H28: Smart-Exam | I28: Marksheet chnage the filter all and add collge wise | J28: Yes | L28: khaleshwar@learningspiral.co.in
A29: 46093.451 | B29: Khaleshwar | C29: SU | D29: https://drive.google.com/open?id=1sM8I913yQcZCfTD53z338uYsIlAKxQ6g | E29: Adin | F29: Other changes | G29: chnage the filter all and add collge wise | H29: Smart-Exam | I29: Marksheet OLD chnage the filter all and add collge wise | J29: Yes | L29: khaleshwar@learningspiral.co.in
A30: 46093.452 | B30: Khaleshwar | C30: SU | D30: https://drive.google.com/open?id=1WfHtC_Q4_PAjysD5RQMDkZoVEvV1LE7_ | E30: admin | F30: Other changes | G30: chnage the filter all and add collge wise | H30: Smart-Exam | I30: Marksheet New chnage the filter all and add collge wise | J30: Yes | L30: khaleshwar@learningspiral.co.in
A31: 46093.52 | B31: Khaleshwar | C31: SU | D31: https://drive.google.com/open?id=1Y8MEkSA6nNUW13nJCphy4DUI0faqn9-p | E31: admin | F31: Other changes | G31: Plsae add the new collum in these exel BTACH | H31: Other | I31: Student enrooment report | J31: Yes | L31: khaleshwar@learningspiral.co.in
A32: 46093.554 | B32: chintu singh | C32: igu | D32: https://drive.google.com/open?id=1XzNltjJcfAhjTv0H4wP6VF3DasqQN7QS | E32: Award Sheet (Internal Assessment) Not Downloading M.Ed. 1st & 3rd Semester Session 2025- 26 | F32: Report not downloading | G32: Award Sheet (Internal Assessment) Not Downloading M.Ed. 1st & 3rd Semester Session 2025- 26 | H32: Smart-Exam | I32: Award Sheet Locked/Blank BMDCEM-201 - Baba Mohan Das College of Education, Motla Kalan, Rewari. PG MASTER OF EDUCATION ( M.ED) First Semester ( Sem - 1) Sessional Blank ENROLLMENTFORM_SE21 | J32: Yes | L32: chintusingh@learningspiral.co.in
A33: 46093.569 | B33: DEEPAK KAYAL | C33: GNSU | D33: https://drive.google.com/open?id=1dTVgOvo2Ge5U3Ia2kZCUTap2iAe7gSvv | E33: Final Certificate Sixth Semester ( 6th Sem) UG B.Sc. in Medical Radiology and Imaging Technology ( BMRIT)_SE13 | F33: Report not downloading | G33: PLEASE UPDATE DIVISION FROM PASSOUTDATA TABLE | H33: Smart-Exam | I33: CERTIFICATE | J33: Yes | K33: https://drive.google.com/open?id=1buZH2sqopta4MkdCydsD9j0qIxs8Luyr | L33: deepakkayal@learningspiral.co.in
A34: 46093.645 | B34: VIRENDRA KUMAR | C34: JMI | D34: https://drive.google.com/open?id=1ajtRYS6Jd9HRJbuxCkKy5GGlu7Ts3RTW | E34: OBTAINED MARKS IS GREATER THAN MAXIMUM MARKS. | F34: Other changes | G34: OBTAINED MARKS IS GREATER THAN MAXIMUM MARKS. | H34: UCanApply | I34: PROVISIONAL CERTIFICATE | J34: Yes | K34: https://drive.google.com/open?id=1D4G-gIvzOLKH3C1DnEpFatRM3Vnvkcx5 | L34: virendrakumar@learningspiral.co.in
A35: 46093.726 | B35: Somen parui | C35: MZU | D35: https://drive.google.com/open?id=1i7GU4WPlvNfFvimjcNgS-h0p9hHqXHdt | E35: previous all | F35: Change in logic, Change in design | G35: Discu s with rup | H35: Smart-Exam | I35: 3152 | J35: Yes | L35: somenparui@learningspiral.co.in
A36: 46093.735 | B36: AMIT KUMAR YADU | C36: HYU DURG | D36: https://drive.google.com/open?id=189EyqeomMlJ0q6j0VurZrBMYNmS_-KaA | E36: COLLEGE/COURSE | F36: Other changes | G36: LLB 6TH TR'S ATKT ATTEMPT NOT SHOWING | H36: Smart-Exam | I36: TR REPORT | J36: Yes | K36: https://drive.google.com/open?id=1cL0Qv7EhJd7V1zoBXG0DsxUlzQqBaL9x | L36: amityadu.gniit@gmail.com
A37: 46094.446 | B37: Rohit Singh | C37: SMKV | D37: https://drive.google.com/open?id=1veGKbscRXN4SgdfDK6foyrljxmze4Gp7 | E37: course | F37: Change in logic | G37: please do this | H37: Smart-Exam | I37: TR | J37: Yes | L37: rohitsingh@learningspiral.co.in
A38: 46094.489 | B38: DHIRAJ KUMAR | C38: CBLU | D38: https://drive.google.com/open?id=1-6jr6KEVCyMAp29mgEVAPRX-cd2KgDPy | E38: COURSE | F38: Change in logic | G38: RESULT DATA ADD 3 EXTRA FEILD | H38: Smart-Exam | I38: RESULT DATA | J38: Yes | L38: dhirajk@learningspiral.co.in
A39: 46094.522 | B39: Rajesh Gupta | C39: SKS International University | D39: https://drive.google.com/open?id=1_7vrffMJXSgF8zGgZfU1xFbWEjK2zroZ | E39: Course | F39: Other changes | G39: Please check the BAMS admit card Practical exam details not show | H39: Smart-Exam | I39: Admit card | J39: Yes | K39: https://drive.google.com/open?id=14koaHwmYqQa62dl1HdQ__hxOaLp_8u_o | L39: rajeshgupta@learningspiral.co.in
A40: 46094.524 | B40: Rajesh Gupta | C40: SKS International University | D40: https://drive.google.com/open?id=15j6QUN8x769dDTmA8mlMah13AW5zl2sy | E40: Course | F40: Other changes | G40: Please check the attached file I'm download the Attendance report some changes required. | H40: Smart-Exam | I40: Attendance Report | J40: Yes | K40: https://drive.google.com/open?id=1DcGLKjNOjdMFgsKpjjGUEwxImNpHqmMY | L40: rajeshgupta@learningspiral.co.in
A41: 46094.668 | B41: Satish Kumar | C41: SMKV Bastar | D41: https://drive.google.com/open?id=1RoimmKIMq7yesnItagUPZqHg_qH0gblr | E41: as per previous | F41: Other changes | G41: display in double record of the same candidates | H41: Smart-Exam | I41: Seating Plan | J41: Yes | L41: satishkumar@learningspiral.co.in
A42: 46094.735 | B42: Rohit Singh | C42: SMKV | D42: https://drive.google.com/open?id=1QaO6u3y1Hj33m0yji76xZbqAtcUIL2a- | E42: Course Wise | F42: Change in design | G42: please do this | H42: Smart-Exam | I42: TR | J42: Yes | L42: rohitsingh@learningspiral.co.in
A43: 46095.46 | B43: chintu singh | C43: igu | D43: https://drive.google.com/open?id=1ABa-MPs5surIGhGc06B5dK2sGAVYyoYD | E43: Please provide the practical Data for M.Ed. 1st & 3rd Semester, Re-appear, Regular, Mercy Chance, | F43: Report not downloading | G43: Please provide the practical Data for M.Ed. 1st & 3rd Semester, Re-appear, Regular, Mercy Chance, | H43: Smart-Exam | I43: Please provide the practical Data for M.Ed. 1st & 3rd Semester, Re-appear, Regular, Mercy Chance, | J43: Yes | L43: chintusingh@learningspiral.co.in
A44: 46095.614 | B44: Khaleshwar | C44: SU | D44: https://drive.google.com/open?id=1U0JfpgCUwTZ-wBN_r1Ihwra9hkF0lFWY | E44: College | F44: Other changes | G44: d | H44: Smart-Exam | I44: OLD formate mrksheet correction | J44: Yes | L44: khaleshwar@learningspiral.co.in
A45: 46095.615 | B45: Khaleshwar | C45: SU | D45: https://drive.google.com/open?id=1bdZZHtL1zFp13WPWhMQfxJzoSWj1eSd1 | E45: college | F45: Other changes | G45: d | H45: Smart-Exam | I45: NEW formate mrksheet correction | J45: Yes | L45: khaleshwar@learningspiral.co.in
A46: 46097.517 | B46: DEEPAK | C46: GNSU | D46: https://drive.google.com/open?id=1sHBStsM1OF5GZapUAEp8I6WhPPQtqXP2 | E46: Final Certificate Final Year ( Annual Exam(PG)) PG MD - Physiology ( PHY)_SE14 | F46: Change in logic | G46: PLEASE UPDATE LATEST DATE OF EXAM TO COMPLETE COURSE | H46: Smart-Exam | I46: FINAL CERTIFICATE | J46: Yes | L46: deepakkayal@learningspiral.co.in
A47: 46097.617 | B47: Rajesh Gupta | C47: SKS Internation University | D47: https://drive.google.com/open?id=1n2JUadrVJkOCzXTb5JNjZXV77M5pPyr0 | E47: Course | F47: Report not downloading | G47: Please check and resolve as soon as | H47: Smart-Exam | I47: attendance sheet | J47: Yes | K47: https://drive.google.com/open?id=1Asj2gWb8j4kPtgmPND_D7hq5Fs4b_IVk | L47: rajeshgupta@learningspiral.co.in
A48: 46098.728 | B48: HARSHIT KUMAR | C48: IGU | D48: https://drive.google.com/open?id=1tQy4pNXyYEICLyFWdaRLjX13uiThwbCQ | E48: NEP TR M.A HINDI & SANSKRIT | F48: Change in design | G48: DO THE CORRECTION AS PER ATTACHMENT | H48: Smart-Exam | I48: NEP TR M.A HINDI & SANSKRIT | J48: Yes | K48: https://drive.google.com/open?id=1NLsTytIZnOD--ivsXwaEAA7uFJj_iD2A | L48: harshitkumar@learningspiral.co.in
A49: 46098.729 | B49: DEEPAK | C49: GNSU | D49: https://drive.google.com/open?id=1_dIO_18tSao841gwAYAs1rP6GCS4jtAz | E49: Grade Card (B.PHARMA) Fourth Semester ( 4th Sem) 1003 - Narayan Institute of Pharmacy Bachelor of Pharmacy ( B.Pharm) BACKLOG Regular SUPPLY_SE16 | F49: Change in design | G49: KINDLY CORRECT FOR LATERAL STUDENTS GRADE CARD | H49: Smart-Exam | I49: Grade Card (B.PHARMA) | J49: Yes | L49: deepakkayal@learningspiral.co.in
A50: 46098.731 | B50: HARSHIT KUMAR | C50: IGU | D50: https://drive.google.com/open?id=1AwY39NOsVXDX2UX8i7o7dg3TcOJbFWrU | E50: NEP SUMMARY 3RD SEM M.A HINDI | F50: Change in design | G50: DO THE CORRECTION AS PER ATTACHMENT | H50: Smart-Exam | I50: NEP SUMMARY 3RD SEM M.A HINDI | J50: Yes | K50: https://drive.google.com/open?id=1Lz7cw0TXd78Vsq5dRaAytAaevdwCUMa0 | L50: harshitkumar@learningspiral.co.in
A51: 46098.735 | B51: HARSHIT KUMAR | C51: IGU | D51: https://drive.google.com/open?id=1BYfQt64vDe0_-yvschS7Qmg23z7vXM_m | E51: NEP SCHEMA M.A SANSKRIT | F51: Change in design | G51: DO THE CORRECTION AS PER ATTACHEMENT | H51: Smart-Exam | I51: NEP SCHEMA M.A SANSKRIT | J51: Yes | K51: https://drive.google.com/open?id=1cLP41hmP3NnEWPfosdSpldBZWwZ0HvVb | L51: harshitkumar@learningspiral.co.in
A52: 46098.737 | B52: HARSHIT KUMAR | C52: IGU | D52: https://drive.google.com/open?id=1B3-Ubst0ghJN26KXq0gs6vy0s1mbgwjm | E52: NEP MA SANSKRIT 3RD SEM MARKSHEET | F52: Change in design | G52: DO THE CORRECTION AS PER ATTACHMENT | H52: Smart-Exam | I52: NEP MA SANSKRIT 3RD SEM MARKSHEET | J52: Yes | K52: https://drive.google.com/open?id=1BzZH7FZda-y55yUZm91gwoogXS-gnCCU | L52: harshitkumar@learningspiral.co.in
A53: 46099.463 | B53: sandeep narang | C53: DPSRU | D53: https://drive.google.com/open?id=1sVtqyAGQ6PxDSsvG9fNWlsLDxVwa3_4g | E53: course | F53: Report not downloading | G53: Blank TR is download | H53: Smart-Exam | I53: Tabulation Report BPH (LE) 3rd sem | J53: Yes | L53: sandeepnarang@learningspiral.co.in
A54: 46100.474 | B54: Rohitt Singh | C54: SMKV | D54: https://drive.google.com/open?id=1o3qbQ20-wLMJKRPaVi9aSNw688_brHvO | E54: Course wise | F54: Other changes | G54: TR Correction as per telephonic conversation | H54: Smart-Exam | I54: TR | J54: Yes | L54: rohitsingh@learningspiral.co.in
A55: 46100.633 | B55: Khaleshwar | C55: SU | D55: https://drive.google.com/open?id=1VJ1aE-S3XEpfX827h5A8o7_M7jD4Gyyw | E55: admin | F55: Other changes | G55: a | H55: Smart-Exam | I55: Student wise data add new culum session | J55: Yes | L55: khaleshwar@learningspiral.co.in
A56: 46100.715 | B56: KAMINI THAKUR | C56: SGBAU | D56: https://drive.google.com/open?id=12fdYzHs-lrrC0IfsmioSfG42sDdYPwyt | E56: MSC MARKSHEET CORRECTION | F56: Other changes | G56: MSC MARKSHEET CREDIT CORRECTION | H56: Smart-Exam | I56: MULTIPLE REPORT | J56: Yes | L56: kamini19121985@gmail.com
A57: 46101.632 | B57: AMIT YADU | C57: HYU, DURG | D57: https://drive.google.com/open?id=1HvYNsI7N5FFbhs5OXLrZUIxgCO7Tuq7T | E57: COLLEGE/COURSE | F57: Other changes | G57: OTHER SESSION ENROLLED STUDENT ALSO COMING IN CURRENT SESSION. | H57: Smart-Exam | I57: ENROLLMENT REPORT | J57: Yes | K57: https://drive.google.com/open?id=1gRBjwQ3LYw5yKFduzavnVpU8zlNkO18p | L57: amityadu.gniit@gmail.com
A58: 46101.734 | B58: BISWAJIT MAJHI | C58: IGU NEP MISSING REPORT STEP-5 | D58: https://drive.google.com/open?id=1L5Nu2khWeBG7JNsWqW8GdWv7e8TRPoxZ | E58: nep pg & ug | F58: Report not downloading | G58: please look in the matter | H58: Smart-Exam | I58: NEP MISSING REPORT STEP-5(PRE-PROCESSING ERROR) | J58: Yes | K58: https://drive.google.com/open?id=1i0vNspNmvEi67KWnB47YBJTyx7SS-Kx9 | L58: biswajitmajhi4468@gmail.com
A59: 46101.767 | B59: DEEPAK KAYAL | C59: GNSU | D59: https://drive.google.com/open?id=1Xf0gyFBKtCev4UopiyJ3_w7uuQiftSpV | E59: Final Certificate Second Semester ( 2nd Sem) PHD Doctor of Philosophy in Information Technology ( Ph.D in I.T.)_SE12 | F59: Change in logic, Change in design | G59: KINDLY PREPARE THE REPORT SAME AS SAMPLE FILE | H59: Smart-Exam | I59: CERTIFICATE | J59: Yes | L59: deepakkayal@learningspiral.co.in
A60: 46104.641 | B60: Deepak Kayal | C60: GNSU | D60: https://drive.google.com/open?id=16PE_ljmTDQoTq8MdPFdAaLRFKTQ7gYfq | E60: Final Certificate Second Semester ( 2nd Sem) PHD Doctor of Philosophy in Information Technology ( Ph.D in I.T.)_SE12 | F60: Change in design | G60: kindly add whereas and change font style of thesis title | H60: Smart-Exam | I60: CERTIFICATE | J60: Yes | L60: deepakkayal@learningspiral.co.in
A61: 46104.663 | B61: dinesh kumar | C61: CBLU | D61: https://drive.google.com/open?id=10G8iRJLiXpTHgnHJO7WT1UHed7tQwIlP | E61: SEM SYLBUS COURSES | F61: Change in design | G61: URGENT | H61: Smart-Exam | I61: MARKSHEET DMC 05 INTEREGATED 6TH SEM | J61: Yes | L61: dineshdcs1988@gmail.com
A62: 46104.718 | B62: Khaleshwar | C62: SU | D62: https://drive.google.com/open?id=1_VyVqCpHtMvkxHsri7dfjSj5hyiVTjYO | E62: admin | F62: Other changes | G62: plaese update the old marksheet logo and singahneture old and new | H62: Smart-Exam | I62: Marksheet please upate the logo and signeture | J62: Yes | L62: khaleshwar@learningspiral.co.in
A63: 46105.694 | B63: Khaleshwar | C63: SU | D63: https://drive.google.com/open?id=1ZqB2hT71_QstNCfaflcp-nJkubVIARd5 | E63: admin | F63: Other changes | G63: ad | H63: Smart-Exam | I63: MArksheet correction acoding to atteched file and dicsuction | J63: Yes | L63: khaleshwar@learningspiral.co.in
A64: 46106.462 | B64: Rohit Singh | C64: SMKV | D64: https://drive.google.com/open?id=1svY0AgfwqFiVVLW9ajQ_ZbABli5DFt3u | E64: Course | F64: Change in logic | G64: If TR type 101 is found in TR Rootmaster, then Promoted should be shown as ATKT and Detained should be shown as Fail. | H64: Smart-Exam | I64: TR | J64: Yes | L64: rohitsingh@learningspiral.co.in
A65: 46106.632 | B65: chintu singh | C65: igu | D65: https://drive.google.com/open?id=1_yvxiGW26KSvDtQFCTCDckGxLnMW-Uss | E65: Mark Is Greater Than Max mark(Step 7) First Semester ( Sem - 1) BACHELOR OF COMMERCE B.COM_SE02 | F65: Report not downloading | G65: Mark Is Greater Than Max mark(Step 7) First Semester ( Sem - 1) BACHELOR OF COMMERCE B.COM_SE02 | H65: Smart-Exam | I65: Mark Is Greater Than Max mark(Step 7) First Semester ( Sem - 1) BACHELOR OF COMMERCE B.COM_SE02 | J65: Yes | L65: chintusingh@learningspiral.co.in
A66: 46106.637 | B66: Akshay jaltare | C66: Sgbau | D66: https://drive.google.com/open?id=1-NTqCYyiDlMw6l4N4ucfVgUbvnfYPgG9 | E66: Marksheet Bsc single | F66: Other changes | G66: Grace issue | H66: Smart-Exam | I66: Multiple reports | J66: Yes | L66: akshayjaltare@gmail.com
A67: 46106.71 | B67: TAPAS MAZUMDAR | C67: MZU | D67: https://drive.google.com/open?id=111QkpQNB9U22z9-CVlrkMWGyvP6AxT6D | E67: COURSE CODE,STYPE | F67: Change in logic | H67: Smart-Exam | I67: TR Format (Grading / Non-Grading) | J67: Yes | L67: tapasmajumdar@learningspiral.co.in
A68: 46106.718 | B68: TAPAS MAZUMDAR | C68: MZU | D68: https://drive.google.com/open?id=1SBmjawBEPjNisTfNne3lXu3P1P3yipJX | E68: COURSE, STYPE | F68: Change in logic | H68: Smart-Exam | I68: Grade Card NEP (PG) | J68: Yes | L68: tapasmajumdar@learningspiral.co.in
A69: 46107.481 | B69: Satish Kumar | C69: SMKV Bastar | D69: https://drive.google.com/open?id=1SOOKNqsrN_PCOSfN7HlDR02KMKjkfnJb | E69: faculty, recomended date | F69: Other changes | G69: Please update the faculty wise recomended date wise | H69: UCanApply | I69: Result Recomendation | J69: Yes | L69: satishkumar@learningspiral.co.in
A70: 46107.505 | B70: AMIT YADU | C70: HYU, DURG | D70: https://drive.google.com/open?id=13mr4DKlWrWqdVx19MazGtQFm6XI0xHw3 | E70: COURSE/COLLEGE | F70: Other changes | G70: OLD SESSION ENROLLED STUDENT ALSO COMING IN CURRENT SESSION REPORT IN ENROLLMENT EXCEL FORMAT | H70: Smart-Exam | I70: ENROLLMENT REPORT | J70: Yes | K70: https://drive.google.com/open?id=1EaSdtmPUKsQkqDtlyuTrNNcJlaf4-4RL | L70: amityadu.gniit@gmail.com
A71: 46107.509 | B71: AMITYADU | C71: HYU, DURG | D71: https://drive.google.com/open?id=1KuKFHZNwYD9YzaltDek9gbOzMtkakZf2 | E71: COURSE/COLLEGE | F71: Other changes | G71: ABC ID HAVE TO PUT IN ENROLLMENT REPORT (BOTH EXCEL & PDF FORMAT) | H71: Smart-Exam | I71: ENROLLMENT REPORT | J71: Yes | K71: https://drive.google.com/open?id=1bqg6WGUNc3E_Wbkxn4ct0mD0bnI3Vyk1 | L71: amityadu.gniit@gmail.com
A72: 46107.533 | B72: Khaleshwar | C72: SU | D72: https://drive.google.com/open?id=12uM0mtJbjdbhkiCrqfHal_GF-7j8EVll | E72: admin | F72: Other changes | G72: ad | H72: Smart-Exam | I72: The course name should be taken from the main header in all result reports. | J72: Yes | L72: khaleshwar@learningspiral.co.in
A73: 46107.57 | B73: DHIRAJ KUMAR | C73: CBLU | D73: https://drive.google.com/open?id=1817L_CcTiyhxuMz2bpKQkKkZCN3iZzdg | E73: ALL | F73: Change in logic | G73: URGENT NEED FOR BILL GENERATION | H73: Smart-Exam | I73: STUDENTS REGISTRATION COUNT | J73: Yes | L73: dhirajk@learningspiral.co.in
A74: 46108.535 | B74: Rohit Singh | C74: SMKV | D74: https://drive.google.com/open?id=1eO0s01Pur0mLCr-2-hLE8OgAAX8aFRIv | E74: Course Wise | F74: Other changes | G74: Grace marks show only one digit in TR | H74: Smart-Exam | I74: TR | J74: Yes | L74: rohitsingh@learningspiral.co.in
A75: 46108.674 | B75: BISWAJIT MAJHI | C75: IGU | D75: https://drive.google.com/open?id=1-xsHUdZish-2iM7jBAeMd4Ut9MuulfJ0 | E75: NEP 3RD SEM MA SANSKRIT | F75: Other changes | G75: PLEASE CHECK THE MATTER IST VERY URGENT | H75: Smart-Exam | I75: NEP TR | J75: Yes | K75: https://drive.google.com/open?id=1W5KgKxbv60GZ7MRB-SPdla0iOwsTpUm8 | L75: biswajitmajhi4468@gmail.com
A76: 46108.705 | B76: BISWAJIT MAJHI | C76: IGU | D76: https://drive.google.com/open?id=1x_6TrWs9IctsoBFHKNrlWBJqL9At4C1u | E76: ALL SEMERSTER & ALL COURSE | F76: Other changes | G76: PLEASE CHECK THE MATTER | H76: Smart-Exam | I76: PRE PROCESS ERROR STEP-7 | J76: Yes | K76: https://drive.google.com/open?id=1h4Y2QhVp9jaHYWoc4LHt6aveOeDbmK0g | L76: biswajitmajhi4468@gmail.com
A77: 46109.476 | B77: AMIT YADU | C77: HYU, DURG | D77: https://drive.google.com/open?id=1BSliTcVmMApvbBLXVst5yKg6Lhr85r7_ | E77: SEMESTER/COURSE | F77: Other changes | G77: ABC ID ADD KARNA HAI NEP ENROLLMENT & REGISTRATION REPORT ME | H77: Smart-Exam | I77: NEP ENROLLMENT/REGISTRATION REPORT | J77: Yes | K77: https://drive.google.com/open?id=1GV2cy2DW6ieJpd6im7hPjkEK-5O_vjF0 | L77: amityadu.gniit@gmail.com
A78: 46109.501 | B78: KAMINI THAKUR | C78: SGBAU | D78: https://drive.google.com/open?id=17TmhaMHcpBqUQqHrUMkPrfbUgoH09GOp | E78: UG NEP TR FILE CORRECTION | F78: Other changes | G78: BE NEP UG TR CENTER CORRECTION | H78: Smart-Exam | I78: MUTIPLE REPORT | J78: Yes | L78: kamini19121985@gmail.com
A79: 46109.52 | B79: BISWAJIT MAJHI | C79: IGU | D79: https://drive.google.com/open?id=1jaRKbKJicxMqIHy2ibJOxhv7hNOMbkMl | E79: nep all course | F79: Other changes | G79: please check the attach file | H79: Smart-Exam | I79: NEP M.A political1ST SEM TR | J79: Yes | K79: https://drive.google.com/open?id=1EBt9I3iUh9Nel9LqzBjpD4oJWwQL7pqZ | L79: biswajitmajhi4468@gmail.com
A80: 46109.537 | B80: AMIT YADU | C80: HYU DURG | D80: https://drive.google.com/open?id=1nUInpLd5aOspwp7h1jsrAvRlfzqprQGJ | E80: SEM/COURSE | F80: Other changes | G80: NEP SCHEMA ME COURSE TYPE KI JAGAH DISCIPLINE KARNA HAI | H80: Smart-Exam | I80: NEP SCHEMA REPORT | J80: Yes | K80: https://drive.google.com/open?id=1duVHxwOsJvvr9poAeWr89tdJs6bFw1EI | L80: amityadu.gniit@gmail.com
A81: 46109.542 | B81: AMIT YADU | C81: HYU DURG | D81: https://drive.google.com/open?id=12nST4Odb8OtVb_2x9WBZLI9VM6JMLL0I | E81: SEM/COURSE | F81: Other changes | G81: FIELD CORRECTION IN NEP TR, LIKE DISCIPLINE, COURSE TYPE | H81: Smart-Exam | I81: NEP TR REPORT | J81: Yes | K81: https://drive.google.com/open?id=1QGHq_KOe44sYuW0TeG_JVFraJ46DtHhx | L81: amityadu.gniit@gmail.com
A82: 46109.626 | B82: Tusar Chhatui | C82: MGU | D82: https://drive.google.com/open?id=1iGOgf_BppU1-dwoGfQVJhI3HqL4ywCaW | E82: 3rd year | F82: Change in logic | G82: Correction in Calculation | H82: Smart-Exam | I82: Correction in Calculation MD Anatomy,3rd year | J82: Yes | L82: tusarchhatui@learningspiral.co.in
A83: 46109.627 | B83: Satish Kumar | C83: SMKV bastar | D83: https://drive.google.com/open?id=1LaK3sYVBR5-odi5EBcwBRvfC-GLvf3XE | E83: Department recommended Date | F83: Other changes | G83: Please review and correct. | H83: Smart-Exam | I83: result commetee | J83: Yes | L83: satishkumar@learningspiral.co.in
A84: 46109.628 | B84: Tusar Chhatui | C84: MGU | D84: https://drive.google.com/open?id=19V2SEaOmmftU7Z3UM-17PujjHQjx3ytt | E84: 3RD YEAR | F84: Change in logic | G84: Correction in total marks Calculation | H84: Smart-Exam | I84: Correction in Calculation MD Physiology ,3rd year | J84: Yes | L84: tusarchhatui@learningspiral.co.in
A85: 46109.631 | B85: BISWAJIT MAJHI | C85: IGU | D85: https://drive.google.com/open?id=1_duFptau8w2LyTHAR--McbOWK_5zSNOg | E85: NEP ALL SEMESTER & ALL COURSE | F85: Other changes | G85: REMOVE THE ( PAG PREVIOUSLY) | H85: Smart-Exam | I85: TR | J85: Yes | K85: https://drive.google.com/open?id=1fXwjmbD_yNkJXkp0WC8e3XZ_EJafNEOd | L85: biswajitmajhi4468@gmail.com
A86: 46111.524 | B86: DHIRAJ KUMAR | C86: CBLU | D86: https://drive.google.com/open?id=10idKeuQHMyb2QPzz18Y0PjJmprA2mkv3 | E86: SESSION WISE | F86: Change in logic | G86: BATCH ADD IN THIS REPORT | H86: Smart-Exam | I86: ENROLLMENT REPORT (EXAMFORM REPORT ALL) | J86: Yes | L86: dhirajk@learningspiral.co.in
A87: 46111.59 | B87: AMITYADU | C87: HYU, DURG | D87: https://drive.google.com/open?id=1HnyH7uK-s2JzKEeIfU56TNRUMGuo3lEq | E87: SEM/COURSE | F87: Other changes | G87: NEP 2ND SEM ATKT STUDENT KA * LAGKAR NAHI AA RAHA (ALL NEP COURSES) | H87: Smart-Exam | I87: TR REPORT | J87: Yes | K87: https://drive.google.com/open?id=1QPF5Ofmmo6Q865lgMGHyQJgFwSe6rs5M | L87: amityadu.gniit@gmail.com
A88: 46111.64 | B88: Somen Parui | C88: MZU | D88: https://drive.google.com/open?id=1-tSigDVzNn1hz4jI03bHZVUyD4Fe0gn1 | E88: previous | F88: Other changes | G88: GRADE CARD PG NEP MZU PROMOTED CASE UPDATE FOR COURSE | H88: Smart-Exam | I88: 3629 | J88: Yes | L88: krishnendumaitylspl@gmail.com
A89: 46111.641 | B89: Somen Parui | C89: MZU | D89: https://drive.google.com/open?id=1xf4vvfnUYq2MdrnInWxmYv8VpF0jdgi5 | E89: Previous | F89: Other changes | G89: TR GRADING/ NON-GRADING MZU PROMOTED CASE UPDATE FOR COURSE | H89: Smart-Exam | I89: 3630 | J89: Yes | L89: krishnendumaitylspl@gmail.com
A90: 46111.641 | B90: Somen Parui | C90: MZU | D90: https://drive.google.com/open?id=16P4SH6LJgICVA432_eeqQlrJB8kxgoIV | E90: Previous | F90: Other changes | G90: GRADE CARD MZU DISTANCE PROMOTED CASE UPDATE. | H90: Smart-Exam | I90: 3629 | J90: Yes | L90: krishnendumaitylspl@gmail.com
A91: 46111.643 | B91: Somen Parui | C91: MZU | D91: https://drive.google.com/open?id=1ijmSkv-0U41E63TlspfGXNFNizHFcwr3 | E91: Previous | F91: Other changes | G91: TR REPORT MZU DISTANCE PROMOTED CASE UPDATE | H91: Smart-Exam | I91: 3630 | J91: Yes | L91: krishnendumaitylspl@gmail.com
A92: 46111.718 | B92: Rohit Singh | C92: SMKV | D92: https://drive.google.com/open?id=15OYxPjqpXB6PPBpJNl0pv0wO0cvDkpI_ | E92: Course wise | F92: Other changes | G92: Please update marks sheet S.NO in TR | H92: Smart-Exam | I92: TR | J92: Yes | L92: rohitsingh@learningspiral.co.in
A93: 46112.486 | B93: Krishnendu maity | C93: bcroy | D93: https://drive.google.com/open?id=1rCDQyDv1xQp3fh1-rD17aTuSG5iKzcrj | E93: Previous | F93: Change in logic, Other changes | G93: Re-appear marks entry report not generate | H93: Smart-Exam | I93: Teacher entered marks entry [Theory Marks Entry (Teacher)] | J93: Yes | L93: krishnendumaitylspl@gmail.com
A94: 46112.489 | B94: Krishnendu maity | C94: bc roy | D94: https://drive.google.com/open?id=1Uc8KQLn0h8YkJILR1r3KHR3txDnERFRM | E94: previous | F94: Other changes | G94: Re-appear marks entry report not generate. | H94: Smart-Exam | I94: Marks entry report [theory marks entry] | J94: Yes | L94: krishnendumaitylspl@gmail.com
A95: 46113.47 | B95: DEEPAK KAYAL | C95: GNSU | D95: https://drive.google.com/open?id=1zMOqcFZpeJJc4buvjkKWYxstiTA_qeCH | E95: TR PHD NEW FORMAT PHD First Semester ( 1st Sem) Doctor of Philosophy in Information Technology Regular REGULAR EXAMFORM_SE16 | F95: Change in logic, Change in design | G95: PLEASE CHANGE THE DATE FORMAT | H95: Smart-Exam | I95: TR_phd_NEW_FORMAT | J95: Yes | L95: deepakkayal@learningspiral.co.in
A96: 46113.514 | B96: BISWAJIT MAJHI | C96: IGU | D96: https://drive.google.com/open?id=1T0pinKU1Tsdk-lnw-_EoJrDh99u9ZpRM | E96: PG NEP ENGLISH 3RD SEM | F96: Other changes | G96: PLEASE UPDATE | H96: Smart-Exam | I96: TR | J96: Yes | K96: https://drive.google.com/open?id=1TCz5_eoBZOjD81rtvkz4ikEVwBDoafzc | L96: biswajitmajhi4468@gmail.com
A97: 46113.523 | B97: BISWAJIT MAJHI | C97: IGU | D97: https://drive.google.com/open?id=1_nw09-xrHzPpyIWzauxOp9FojdX202BM | E97: NEP TR REVAL RESULT (PRS) | F97: Other changes | G97: PRG RESULT IN TR | H97: Smart-Exam | I97: TR | J97: Yes | K97: https://drive.google.com/open?id=1dhtEZGQg0nHVlMYrpZdn4Ue5MsauqJfy | L97: biswajitmajhi4468@gmail.com
A98: 46113.532 | B98: Dhanshree Kale | C98: SGBAU | D98: https://drive.google.com/open?id=1GdzUwgrUAHjxZP8Y8iOD_ncETjw7-7j6 | E98: SE23, All sessions | F98: Other changes | G98: DO ASAP | H98: Smart-Exam | I98: Provisional Certificate Sign change | J98: Yes | K98: https://drive.google.com/open?id=1C_A6MzM3jyw4GNhLF3nvZKRd9Ghcti0p | L98: ghewaregayatri@gmail.com
A99: 46113.534 | B99: DEEPAK KAYAL | C99: GNSU | D99: https://drive.google.com/open?id=171vDpI9_OOmmH1J3oDA-sBAmimBHfXHA | E99: Marksheet MBBS New Format Fourth Year ( 4th) 1001 - Narayan Medical College & Hospital Bachelor of Medicine and Bachelor of Surgery MBBS Back BACKLOG RE-APPEAR_SE16 | F99: Change in design | G99: PAGE ADJUSTMENT | H99: Smart-Exam | I99: Marksheet MBBS New Format | J99: Yes | L99: deepakkayal@learningspiral.co.in
A100: 46113.535 | B100: DEEPAK KAYAL | C100: GNSU | D100: https://drive.google.com/open?id=1uv0_jyoBQRql6G_DZPmt1WKmUoq9EIub | E100: TR PHD NEW FORMAT PHD First Semester ( 1st Sem) Ph.D in Library & Information Science Regular REGULAR EXAMFORM_SE16 | F100: Report not downloading | G100: ERROR TO REPORT GENERATE | H100: Smart-Exam | I100: TR_phd_NEW_FORMAT | J100: Yes | L100: deepakkayal@learningspiral.co.in
...

Sheet Demo Sheet FMS_148
A1: =now() -> 46276.444 | B1: =19.5/24-9.5/24 -> 0.41666667 | C1: 9.5 | D1: 19.5 | G1: EMP3230 Shobha sahu | H1: FMS 148 Corrections/Bugs/ Update | M1: Discussion with Requester
A2: =TODAY() -> 46276 | B2: FMS 148 Corrections / Bugs / Update new logic in Existing report | M2: PC : EMP3200 Swati Soni | X2: Problem Solver L1 = Santosh Sir
M3: Step-2 | S3: Step-3 | X3: Step-4 | AC3: Step-5 | AH3: Step-6
A4: What | B4: Fill details about corrections and new logic in report | M4: Discussion with Requester | S4: Check api id from database and download jrmxl file | X4: Debuging the error (Jasper end as well as Query end) and discuss with RM about logic | AC4: Solution / Check data in database according to new logics | AH4: Upload file, cross check and inform to requester
A5: Who | B5: Co-ordinator | M5: EMP5009 Rup Kumar Mandal / EMP0042 HULESHWAR KUMAR SAHU / EMP0021 Tamanna Dewangan/EMP0237 Swarnendu Chakraborty | S5: EMP5009 Rup Kumar Mandal / EMP0042 HULESHWAR KUMAR SAHU / EMP0021 Tamanna Dewangan/EMP0237 Swarnendu Chakraborty | X5: EMP5009 Rup Kumar Mandal / EMP0042 HULESHWAR KUMAR SAHU / EMP0021 Tamanna Dewangan/EMP0237 Swarnendu Chakraborty | AC5: EMP5009 Rup Kumar Mandal / EMP0042 HULESHWAR KUMAR SAHU / EMP0021 Tamanna Dewangan/EMP0237 Swarnendu Chakraborty | AH5: EMP5009 Rup Kumar Mandal / EMP0042 HULESHWAR KUMAR SAHU / EMP0021 Tamanna Dewangan/EMP0237 Swarnendu Chakraborty
A6: How | B6: https://forms.gle/b3eJF6qHcDKEdhWu7 | M6: Call/Mail | S6: From database (jasper setting table based on report name) | X6: From Jrxml File and from Query on call | AC6: Logical part, From Jrxml File and from Query | AH6: In Jasper API, University panel, email, call | AN6: p=ArrayFormula(if($A$9:$A<>"",HYPERLINK("https://docs.google.com/forms/d/e/1FAIpQLScU7DKr6HbmoID_UwKfI13gEe3bspqg0MBmrgEwXFMuax8Tnw/viewform?usp=pp_url&entry.64613668="&$G$1&"&entry.947283785="&$H$1&"&entry.492682368="&$J$9:$J&"&entry.2053410063="&TEXT($B$9:$B,"yyyy-mm-dd")&"&entry.954149285="&$L$9:$L&"","Click Here"),""))
A7: When | B7: Anytime | M7: =4/24 -> 0.16666667 | S7: =0.1666666667/24 -> 0.0069444444 | X7: =2.5/24 -> 0.10416667 | AC7: 1 | AH7: =1/24 -> 0.041666667
A8: S. No. | B8: Timestamp | C8: Report name | D8: Client Name | E8: Sample of corrected format / photo of issue 1 | F8: Sample of corrected format / photo of issue 2 | G8: Filter paramater (eg. semester, course, college, user, etc.) | H8: Type of issues | I8: Product name | J8: Name of requester | K8: Date | L8: Remark (Description) | M8: Planned | N8: Actual | O8: Status | P8: Delay | Q8: Doer | R8: Conclusion Of Discussion | S8: Planned | T8: Actual | U8: Status | V8: Delay | W8: Doer | X8: Planned | Y8: Actual | Z8: Status | AA8: Delay | AB8: Doer | AC8: Planned | AD8: Actual | AE8: Status | AF8: Delay | AG8: Doer | AH8: Planned | AI8: Actual | AJ8: Status | AK8: Delay | AL8: Doer | AM8: Remarks | AN8: MOVE TO QC | AO8: TAT | AQ8: Step2 | AR8: Step3 | AS8: Step4 | AT8: Step5 | AU8: Step6 | AV8: 1
A9: 4960 | B9: {={CB!A2:A913,CB!I2:I913,CB!C2:C913,CB!D2:D913,CB!K2:K913,CB!E2:E913,CB!F2:F913,CB!H2:H913,CB!B2:B913,CB!M2:M913,CB!G2:G913}} -> 46083.579 | C9: marks entry report | D9: SMKV Bastar | E9: https://drive.google.com/open?id=19u430GOlyn0rSoq9ahjVQpRbpRXgsYJR | G9: as per the previous | H9: Other changes | I9: Smart-Exam | J9: Satish Kumar | L9: For the internal marks report, the download is showing blank data for every college. Kindly check and update. | M9: =if(B9,if(and(hour(B9+M$7)>9.5,(hour(B9+M$7)<19.5)),B9+M$7,_xlfn.workday.intl(int(B9),1,"0000001",Holidays!A:A)+hour(B9+M$7-$B$1)/24+minute(B9)/1440),"") -> 46083.745 | N9: 46083.632 | O9: Done | P9: =IF(B9<>0,(if(O9="Pending",if($A$2>M9,$A$2-M9,0),if(N9>M9,N9-M9,0))),"") -> 0 | Q9: EMP0042 HULESHWAR KUMAR SAHU | R9: Requirements Clear | S9: =if(M9,if(and(hour(M9+S$7)>9.5,(hour(M9+S$7)<19.5)),M9+S$7,_xlfn.workday.intl(int(M9),1,"0000001",Holidays!A:A)+hour(M9+S$7-$B$1)/24+minute(M9)/1440),"") -> 46083.752 | T9: 46083.633 | U9: Done | V9: =IF(B9<>0,(if(U9="Pending",if($A$2>S9,$A$2-S9,0),if(T9>S9,T9-S9,0))),"") -> 0 | W9: =IF(B9<>"",Q9,"") -> EMP0042 HULESHWAR KUMAR SAHU | X9: =if(S9,if(and(hour(S9+X$7)>9.5,(hour(S9+X$7)<19.5)),S9+X$7,_xlfn.workday.intl(int(S9),1,"0000001",Holidays!A:A)+hour(S9+X$7-$B$1)/24+minute(S9)/1440),"") -> 46084.419 | Y9: 46083.633 | Z9: Done | AA9: =IF(B9<>0,(if(Z9="Pending",if($AD$1>X9,$AD$1-X9,0),if(Y9>X9,Y9-X9,0))),"") -> 0 | AB9: =IF(B9<>"",W9,"") -> EMP0042 HULESHWAR KUMAR SAHU | AC9: =if(X9,_xlfn.WORKDAY.INTL(X9,AC$7,"0000001",Holidays!A:A)+hour(X9)/24+MINUTE(X9)/1440,"") -> 46086.419 | AD9: 46083.694 | AE9: Done | AF9: =IF(B9<>0,(if(AD9="Pending",if($A$2>AC9,$A$2-AC9,0),if(AD9>AC9,AD9-AC9,0))),"") -> 0 | AG9: =IF(B9<>"",AB9,"") -> EMP0042 HULESHWAR KUMAR SAHU | AH9: =if(AC9,if(and(hour(AC9+AH$7)>9.5,(hour(AC9+AH$7)<19.5)),AC9+AH$7,_xlfn.workday.intl(int(AC9),1,"0000001",Holidays!A:A)+hour(AC9+AH$7-$B$1)/24+minute(AC9)/1440),"") -> 46086.46 | AI9: 46083.694 | AJ9: Done | AK9: =IF(B9<>0,(if(AJ9="Pending",if($A$2>AH9,$A$2-AH9,0),if(AI9>AH9,AI9-AH9,0))),"") -> 0 | AL9: =IF(B9<>"",AG9,"") -> EMP0042 HULESHWAR KUMAR SAHU | AN9: {=if($A$9:$A913<>"",HYPERLINK("https://docs.google.com/forms/d/e/1FAIpQLScU7DKr6HbmoID_UwKfI13gEe3bspqg0MBmrgEwXFMuax8Tnw/viewform?usp=pp_url&entry.64613668="&$G$1&"&entry.947283785="&$H$1&"&entry.492682368="&$J$9:$J913&"&entry.2053410063="&TEXT($B$9:$B913,"yyyy-mm-dd")&"&entry.954149285="&$L$9:$L913&"","Click Here"),"")} -> Click Here
A10: =if($B10<>"",A9+1,"") -> 4961 | B10: 46083.614 | C10: overalll pass report | D10: KSU | E10: https://drive.google.com/open?id=1x4edvsdekkUBgTfjVm6qG_KDX-E6l2g5 | G10: admin | H10: Other changes | I10: Smart-Exam | J10: Khaleshwar | L10: ad | M10: =if(B10,if(and(hour(B10+M$7)>9.5,(hour(B10+M$7)<19.5)),B10+M$7,_xlfn.workday.intl(int(B10),1,"0000001",Holidays!A:A)+hour(B10+M$7-$B$1)/24+minute(B10)/1440),"") -> 46083.78 | N10: 46083.632 | O10: 490 | P10: =IF(B10<>0,(if(O10="Pending",if($A$2>M10,$A$2-M10,0),if(N10>M10,N10-M10,0))),"") -> 0 | Q10: EMP0042 HULESHWAR KUMAR SAHU | R10: Requirements Clear | S10: =if(M10,if(and(hour(M10+S$7)>9.5,(hour(M10+S$7)<19.5)),M10+S$7,_xlfn.workday.intl(int(M10),1,"0000001",Holidays!A:A)+hour(M10+S$7-$B$1)/24+minute(M10)/1440),"") -> 46083.787 | T10: 46083.633 | U10: 490 | V10: =IF(B10<>0,(if(U10="Pending",if($A$2>S10,$A$2-S10,0),if(T10>S10,T10-S10,0))),"") -> 0 | W10: =IF(B10<>"",Q10,"") -> EMP0042 HULESHWAR KUMAR SAHU | X10: =if(S10,if(and(hour(S10+X$7)>9.5,(hour(S10+X$7)<19.5)),S10+X$7,_xlfn.workday.intl(int(S10),1,"0000001",Holidays!A:A)+hour(S10+X$7-$B$1)/24+minute(S10)/1440),"") -> 46084.495 | Y10: 46083.633 | Z10: 495 | AA10: =IF(B10<>0,(if(Z10="Pending",if($AD$1>X10,$AD$1-X10,0),if(Y10>X10,Y10-X10,0))),"") -> 0 | AB10: =IF(B10<>"",W10,"") -> EMP0042 HULESHWAR KUMAR SAHU | AC10: =if(X10,_xlfn.WORKDAY.INTL(X10,AC$7,"0000001",Holidays!A:A)+hour(X10)/24+MINUTE(X10)/1440,"") -> 46086.495 | AD10: 46084.744 | AE10: Done | AF10: =IF(B10<>0,(if(AD10="Pending",if($A$2>AC10,$A$2-AC10,0),if(AD10>AC10,AD10-AC10,0))),"") -> 0 | AG10: =IF(B10<>"",AB10,"") -> EMP0042 HULESHWAR KUMAR SAHU | AH10: =if(AC10,if(and(hour(AC10+AH$7)>9.5,(hour(AC10+AH$7)<19.5)),AC10+AH$7,_xlfn.workday.intl(int(AC10),1,"0000001",Holidays!A:A)+hour(AC10+AH$7-$B$1)/24+minute(AC10)/1440),"") -> 46086.537 | AI10: 46084.744 | AJ10: 491 | AK10: =IF(B10<>0,(if(AJ10="Pending",if($A$2>AH10,$A$2-AH10,0),if(AI10>AH10,AI10-AH10,0))),"") -> 0 | AL10: =IF(B10<>"",AG10,"") -> EMP0042 HULESHWAR KUMAR SAHU | AN10: Click Here
A11: =if($B11<>"",A10+1,"") -> 4962 | B11: 46083.615 | C11: cbcs tr report | D11: singhaia university | E11: https://drive.google.com/open?id=1NOx1iLZmGhc7tYXwI9Y7kiH3Q8qUV4ns | G11: admin | H11: Other changes | I11: Smart-Exam | J11: khaleshwar | L11: ad | M11: =if(B11,if(and(hour(B11+M$7)>9.5,(hour(B11+M$7)<19.5)),B11+M$7,_xlfn.workday.intl(int(B11),1,"0000001",Holidays!A:A)+hour(B11+M$7-$B$1)/24+minute(B11)/1440),"") -> 46083.781 | N11: 46083.632 | O11: 490 | P11: =IF(B11<>0,(if(O11="Pending",if($A$2>M11,$A$2-M11,0),if(N11>M11,N11-M11,0))),"") -> 0 | Q11: EMP0237 Swarnendu Chakraborty | R11: Requirements Clear | S11: =if(M11,if(and(hour(M11+S$7)>9.5,(hour(M11+S$7)<19.5)),M11+S$7,_xlfn.workday.intl(int(M11),1,"0000001",Holidays!A:A)+hour(M11+S$7-$B$1)/24+minute(M11)/1440),"") -> 46083.788 | T11: 46083.632 | U11: 482 | V11: =IF(B11<>0,(if(U11="Pending",if($A$2>S11,$A$2-S11,0),if(T11>S11,T11-S11,0))),"") -> 0 | W11: =IF(B11<>"",Q11,"") -> EMP0237 Swarnendu Chakraborty | X11: =if(S11,if(and(hour(S11+X$7)>9.5,(hour(S11+X$7)<19.5)),S11+X$7,_xlfn.workday.intl(int(S11),1,"0000001",Holidays!A:A)+hour(S11+X$7-$B$1)/24+minute(S11)/1440),"") -> 46084.497 | Y11: 46083.633 | Z11: 493 | AA11: =IF(B11<>0,(if(Z11="Pending",if($AD$1>X11,$AD$1-X11,0),if(Y11>X11,Y11-X11,0))),"") -> 0 | AB11: =IF(B11<>"",W11,"") -> EMP0237 Swarnendu Chakraborty | AC11: =if(X11,_xlfn.WORKDAY.INTL(X11,AC$7,"0000001",Holidays!A:A)+hour(X11)/24+MINUTE(X11)/1440,"") -> 46086.497 | AD11: 46084.638 | AE11: Done | AF11: =IF(B11<>0,(if(AD11="Pending",if($A$2>AC11,$A$2-AC11,0),if(AD11>AC11,AD11-AC11,0))),"") -> 0 | AG11: =IF(B11<>"",AB11,"") -> EMP0237 Swarnendu Chakraborty | AH11: =if(AC11,if(and(hour(AC11+AH$7)>9.5,(hour(AC11+AH$7)<19.5)),AC11+AH$7,_xlfn.workday.intl(int(AC11),1,"0000001",Holidays!A:A)+hour(AC11+AH$7-$B$1)/24+minute(AC11)/1440),"") -> 46086.538 | AI11: 46084.638 | AJ11: 491 | AK11: =IF(B11<>0,(if(AJ11="Pending",if($A$2>AH11,$A$2-AH11,0),if(AI11>AH11,AI11-AH11,0))),"") -> 0 | AL11: =IF(B11<>"",AG11,"") -> EMP0237 Swarnendu Chakraborty | AN11: Click Here
A12: =if($B12<>"",A11+1,"") -> 4963 | B12: 46084.634 | C12: Marksheet | D12: Singhania university | E12: https://drive.google.com/open?id=1YS3OdsLOL5lx_oG2WYzClsTQbBoq8L9f | G12: Admin | H12: Other changes | I12: Smart-Exam | J12: Khaleshwar | L12: Ad | M12: =if(B12,if(and(hour(B12+M$7)>9.5,(hour(B12+M$7)<19.5)),B12+M$7,_xlfn.workday.intl(int(B12),1,"0000001",Holidays!A:A)+hour(B12+M$7-$B$1)/24+minute(B12)/1440),"") -> 46084.801 | N12: 46084.639 | O12: 0 | P12: =IF(B12<>0,(if(O12="Pending",if($A$2>M12,$A$2-M12,0),if(N12>M12,N12-M12,0))),"") -> 0 | Q12: EMP0237 Swarnendu Chakraborty | R12: Requirements Clear | S12: =if(M12,if(and(hour(M12+S$7)>9.5,(hour(M12+S$7)<19.5)),M12+S$7,_xlfn.workday.intl(int(M12),1,"0000001",Holidays!A:A)+hour(M12+S$7-$B$1)/24+minute(M12)/1440),"") -> 46084.808 | T12: 46084.639 | U12: 8 | V12: =IF(B12<>0,(if(U12="Pending",if($A$2>S12,$A$2-S12,0),if(T12>S12,T12-S12,0))),"") -> 0 | W12: =IF(B12<>"",Q12,"") -> EMP0237 Swarnendu Chakraborty | X12: =if(S12,if(and(hour(S12+X$7)>9.5,(hour(S12+X$7)<19.5)),S12+X$7,_xlfn.workday.intl(int(S12),1,"0000001",Holidays!A:A)+hour(S12+X$7-$B$1)/24+minute(S12)/1440),"") -> 46086.474 | Y12: 46084.639 | Z12: 2 | AA12: =IF(B12<>0,(if(Z12="Pending",if($AD$1>X12,$AD$1-X12,0),if(Y12>X12,Y12-X12,0))),"") -> 0 | AB12: =IF(B12<>"",W12,"") -> EMP0237 Swarnendu Chakraborty | AC12: =if(X12,_xlfn.WORKDAY.INTL(X12,AC$7,"0000001",Holidays!A:A)+hour(X12)/24+MINUTE(X12)/1440,"") -> 46087.474 | AD12: 46084.639 | AE12: Done | AF12: =IF(B12<>0,(if(AD12="Pending",if($A$2>AC12,$A$2-AC12,0),if(AD12>AC12,AD12-AC12,0))),"") -> 0 | AG12: =IF(B12<>"",AB12,"") -> EMP0237 Swarnendu Chakraborty | AH12: =if(AC12,if(and(hour(AC12+AH$7)>9.5,(hour(AC12+AH$7)<19.5)),AC12+AH$7,_xlfn.workday.intl(int(AC12),1,"0000001",Holidays!A:A)+hour(AC12+AH$7-$B$1)/24+minute(AC12)/1440),"") -> 46087.516 | AI12: 46084.639 | AJ12: 0 | AK12: =IF(B12<>0,(if(AJ12="Pending",if($A$2>AH12,$A$2-AH12,0),if(AI12>AH12,AI12-AH12,0))),"") -> 0 | AL12: =IF(B12<>"",AG12,"") -> EMP0237 Swarnendu Chakraborty | AN12: Click Here
A13: =if($B13<>"",A12+1,"") -> 4964 | B13: 46084.659 | C13: FINEL RESULT | D13: KSU | E13: https://drive.google.com/open?id=1tKfvhFOwLb02atunVIXX3DgDAYpXE3hE | G13: ADMIT | H13: Other changes | I13: Smart-Exam | J13: Khaleshwar | L13: ad | M13: =if(B13,if(and(hour(B13+M$7)>9.5,(hour(B13+M$7)<19.5)),B13+M$7,_xlfn.workday.intl(int(B13),1,"0000001",Holidays!A:A)+hour(B13+M$7-$B$1)/24+minute(B13)/1440),"") -> 46084.826 | N13: 46084.744 | O13: 46167.162 | P13: =IF(B13<>0,(if(O13="Pending",if($A$2>M13,$A$2-M13,0),if(N13>M13,N13-M13,0))),"") -> 0 | Q13: EMP0042 HULESHWAR KUMAR SAHU | R13: Requirements Clear | S13: =if(M13,if(and(hour(M13+S$7)>9.5,(hour(M13+S$7)<19.5)),M13+S$7,_xlfn.workday.intl(int(M13),1,"0000001",Holidays!A:A)+hour(M13+S$7-$B$1)/24+minute(M13)/1440),"") -> 46084.833 | T13: 46084.744 | U13: 46167.191 | V13: =IF(B13<>0,(if(U13="Pending",if($A$2>S13,$A$2-S13,0),if(T13>S13,T13-S13,0))),"") -> 0 | W13: =IF(B13<>"",Q13,"") -> EMP0042 HULESHWAR KUMAR SAHU | X13: =if(S13,if(and(hour(S13+X$7)>9.5,(hour(S13+X$7)<19.5)),S13+X$7,_xlfn.workday.intl(int(S13),1,"0000001",Holidays!A:A)+hour(S13+X$7-$B$1)/24+minute(S13)/1440),"") -> 46086.541 | Y13: 46084.744 | Z13: 46166.647 | AA13: =IF(B13<>0,(if(Z13="Pending",if($AD$1>X13,$AD$1-X13,0),if(Y13>X13,Y13-X13,0))),"") -> 0 | AB13: =IF(B13<>"",W13,"") -> EMP0042 HULESHWAR KUMAR SAHU | AC13: =if(X13,_xlfn.WORKDAY.INTL(X13,AC$7,"0000001",Holidays!A:A)+hour(X13)/24+MINUTE(X13)/1440,"") -> 46087.541 | AD13: 46084.745 | AE13: Done | AF13: =IF(B13<>0,(if(AD13="Pending",if($A$2>AC13,$A$2-AC13,0),if(AD13>AC13,AD13-AC13,0))),"") -> 0 | AG13: =IF(B13<>"",AB13,"") -> EMP0042 HULESHWAR KUMAR SAHU | AH13: =if(AC13,if(and(hour(AC13+AH$7)>9.5,(hour(AC13+AH$7)<19.5)),AC13+AH$7,_xlfn.workday.intl(int(AC13),1,"0000001",Holidays!A:A)+hour(AC13+AH$7-$B$1)/24+minute(AC13)/1440),"") -> 46087.583 | AI13: 46084.745 | AJ13: 46167.419 | AK13: =IF(B13<>0,(if(AJ13="Pending",if($A$2>AH13,$A$2-AH13,0),if(AI13>AH13,AI13-AH13,0))),"") -> 0 | AL13: =IF(B13<>"",AG13,"") -> EMP0042 HULESHWAR KUMAR SAHU | AN13: Click Here
A14: =if($B14<>"",A13+1,"") -> 4965 | B14: 46086.442 | C14: Pls do the needful as per format for the session 2024-25 | D14: igu | E14: https://drive.google.com/open?id=1OD1An2IaORabIwBY4HzmndtIVbG7Yj7M | G14: Pls do the needful as per format for the session 2024-25 | H14: Change in logic, Change in design | I14: Smart-Exam | J14: chintu singh | L14: Pls do the needful as per format for the session 2024-25 | M14: =if(B14,if(and(hour(B14+M$7)>9.5,(hour(B14+M$7)<19.5)),B14+M$7,_xlfn.workday.intl(int(B14),1,"0000001",Holidays!A:A)+hour(B14+M$7-$B$1)/24+minute(B14)/1440),"") -> 46086.608 | N14: 46086.493 | O14: 46166.821 | P14: =IF(B14<>0,(if(O14="Pending",if($A$2>M14,$A$2-M14,0),if(N14>M14,N14-M14,0))),"") -> 0 | Q14: EMP0021 Tamanna Dewangan | R14: Requirements Clear | S14: =if(M14,if(and(hour(M14+S$7)>9.5,(hour(M14+S$7)<19.5)),M14+S$7,_xlfn.workday.intl(int(M14),1,"0000001",Holidays!A:A)+hour(M14+S$7-$B$1)/24+minute(M14)/1440),"") -> 46086.615 | T14: 46086.493 | U14: 46166.829 | V14: =IF(B14<>0,(if(U14="Pending",if($A$2>S14,$A$2-S14,0),if(T14>S14,T14-S14,0))),"") -> 0 | W14: =IF(B14<>"",Q14,"") -> EMP0021 Tamanna Dewangan | X14: =if(S14,if(and(hour(S14+X$7)>9.5,(hour(S14+X$7)<19.5)),S14+X$7,_xlfn.workday.intl(int(S14),1,"0000001",Holidays!A:A)+hour(S14+X$7-$B$1)/24+minute(S14)/1440),"") -> 46086.719 | Y14: 46086.493 | Z14: 46166.076 | AA14: =IF(B14<>0,(if(Z14="Pending",if($AD$1>X14,$AD$1-X14,0),if(Y14>X14,Y14-X14,0))),"") -> 0 | AB14: =IF(B14<>"",W14,"") -> EMP0021 Tamanna Dewangan | AC14: =if(X14,_xlfn.WORKDAY.INTL(X14,AC$7,"0000001",Holidays!A:A)+hour(X14)/24+MINUTE(X14)/1440,"") -> 46087.719 | AD14: 46086.629 | AE14: Done | AF14: =IF(B14<>0,(if(AD14="Pending",if($A$2>AC14,$A$2-AC14,0),if(AD14>AC14,AD14-AC14,0))),"") -> 0 | AG14: =IF(B14<>"",AB14,"") -> EMP0021 Tamanna Dewangan | AH14: =if(AC14,if(and(hour(AC14+AH$7)>9.5,(hour(AC14+AH$7)<19.5)),AC14+AH$7,_xlfn.workday.intl(int(AC14),1,"0000001",Holidays!A:A)+hour(AC14+AH$7-$B$1)/24+minute(AC14)/1440),"") -> 46087.76 | AI14: 46087.409 | AJ14: 46166.285 | AK14: =IF(B14<>0,(if(AJ14="Pending",if($A$2>AH14,$A$2-AH14,0),if(AI14>AH14,AI14-AH14,0))),"") -> 0 | AL14: =IF(B14<>"",AG14,"") -> EMP0021 Tamanna Dewangan | AN14: Click Here
A15: =if($B15<>"",A14+1,"") -> 4966 | B15: 46086.688 | C15: ENROLLMENT/REGISTRAION REPORT NEP | D15: HYU, DURG | E15: https://drive.google.com/open?id=1r4zvF6Y3tMtUvatGlNYuK4boFFwhhAtl | G15: COURSE/SEMESTER | H15: Other changes | I15: Smart-Exam | J15: AMIT YADU | L15: DISTRICT WISE REPORT WAS NOT SHOWING | M15: =if(B15,if(and(hour(B15+M$7)>9.5,(hour(B15+M$7)<19.5)),B15+M$7,_xlfn.workday.intl(int(B15),1,"0000001",Holidays!A:A)+hour(B15+M$7-$B$1)/24+minute(B15)/1440),"") -> 46087.438 | N15: 46086.701 | O15: Done | P15: =IF(B15<>0,(if(O15="Pending",if($A$2>M15,$A$2-M15,0),if(N15>M15,N15-M15,0))),"") -> 0 | Q15: EMP5009 Rup Kumar Mandal | R15: Requirements Clear | S15: =if(M15,if(and(hour(M15+S$7)>9.5,(hour(M15+S$7)<19.5)),M15+S$7,_xlfn.workday.intl(int(M15),1,"0000001",Holidays!A:A)+hour(M15+S$7-$B$1)/24+minute(M15)/1440),"") -> 46087.445 | T15: 46086.701 | U15: Done | V15: =IF(B15<>0,(if(U15="Pending",if($A$2>S15,$A$2-S15,0),if(T15>S15,T15-S15,0))),"") -> 0 | W15: =IF(B15<>"",Q15,"") -> EMP5009 Rup Kumar Mandal | X15: =if(S15,if(and(hour(S15+X$7)>9.5,(hour(S15+X$7)<19.5)),S15+X$7,_xlfn.workday.intl(int(S15),1,"0000001",Holidays!A:A)+hour(S15+X$7-$B$1)/24+minute(S15)/1440),"") -> 46087.549 | Y15: 46086.712 | Z15: Done | AA15: =IF(B15<>0,(if(Z15="Pending",if($AD$1>X15,$AD$1-X15,0),if(Y15>X15,Y15-X15,0))),"") -> 0 | AB15: =IF(B15<>"",W15,"") -> EMP5009 Rup Kumar Mandal | AC15: =if(X15,_xlfn.WORKDAY.INTL(X15,AC$7,"0000001",Holidays!A:A)+hour(X15)/24+MINUTE(X15)/1440,"") -> 46088.549 | AD15: 46087.663 | AE15: Done | AF15: =IF(B15<>0,(if(AD15="Pending",if($A$2>AC15,$A$2-AC15,0),if(AD15>AC15,AD15-AC15,0))),"") -> 0 | AG15: =IF(B15<>"",AB15,"") -> EMP5009 Rup Kumar Mandal | AH15: =if(AC15,if(and(hour(AC15+AH$7)>9.5,(hour(AC15+AH$7)<19.5)),AC15+AH$7,_xlfn.workday.intl(int(AC15),1,"0000001",Holidays!A:A)+hour(AC15+AH$7-$B$1)/24+minute(AC15)/1440),"") -> 46088.591 | AI15: 46087.663 | AJ15: Done | AK15: =IF(B15<>0,(if(AJ15="Pending",if($A$2>AH15,$A$2-AH15,0),if(AI15>AH15,AI15-AH15,0))),"") -> 0 | AL15: =IF(B15<>"",AG15,"") -> EMP5009 Rup Kumar Mandal | AN15: Click Here
A16: =if($B16<>"",A15+1,"") -> 4967 | B16: 46086.69 | C16: TR REPORT | D16: HYU, DURG | E16: https://drive.google.com/open?id=14KDAIDpklWHuU6oGIDLbvDVRFrP40FLt | G16: SEM/COURSE | H16: Other changes | I16: Smart-Exam | J16: AMIT YADU | L16: TR IS NOT DOWNLOADING, PLZ SEND TR THROUGH MAIL (B.A. 1ST NEP) | M16: =if(B16,if(and(hour(B16+M$7)>9.5,(hour(B16+M$7)<19.5)),B16+M$7,_xlfn.workday.intl(int(B16),1,"0000001",Holidays!A:A)+hour(B16+M$7-$B$1)/24+minute(B16)/1440),"") -> 46087.44 | N16: 46086.701 | O16: Done | P16: =IF(B16<>0,(if(O16="Pending",if($A$2>M16,$A$2-M16,0),if(N16>M16,N16-M16,0))),"") -> 0 | Q16: EMP5009 Rup Kumar Mandal | R16: Requirements Clear | S16: =if(M16,if(and(hour(M16+S$7)>9.5,(hour(M16+S$7)<19.5)),M16+S$7,_xlfn.workday.intl(int(M16),1,"0000001",Holidays!A:A)+hour(M16+S$7-$B$1)/24+minute(M16)/1440),"") -> 46087.447 | T16: 46086.701 | U16: Done | V16: =IF(B16<>0,(if(U16="Pending",if($A$2>S16,$A$2-S16,0),if(T16>S16,T16-S16,0))),"") -> 0 | W16: =IF(B16<>"",Q16,"") -> EMP5009 Rup Kumar Mandal | X16: =if(S16,if(and(hour(S16+X$7)>9.5,(hour(S16+X$7)<19.5)),S16+X$7,_xlfn.workday.intl(int(S16),1,"0000001",Holidays!A:A)+hour(S16+X$7-$B$1)/24+minute(S16)/1440),"") -> 46087.551 | Y16: 46086.712 | Z16: Done | AA16: =IF(B16<>0,(if(Z16="Pending",if($AD$1>X16,$AD$1-X16,0),if(Y16>X16,Y16-X16,0))),"") -> 0 | AB16: =IF(B16<>"",W16,"") -> EMP5009 Rup Kumar Mandal | AC16: =if(X16,_xlfn.WORKDAY.INTL(X16,AC$7,"0000001",Holidays!A:A)+hour(X16)/24+MINUTE(X16)/1440,"") -> 46088.551 | AD16: 46087.663 | AE16: Done | AF16: =IF(B16<>0,(if(AD16="Pending",if($A$2>AC16,$A$2-AC16,0),if(AD16>AC16,AD16-AC16,0))),"") -> 0 | AG16: =IF(B16<>"",AB16,"") -> EMP5009 Rup Kumar Mandal | AH16: =if(AC16,if(and(hour(AC16+AH$7)>9.5,(hour(AC16+AH$7)<19.5)),AC16+AH$7,_xlfn.workday.intl(int(AC16),1,"0000001",Holidays!A:A)+hour(AC16+AH$7-$B$1)/24+minute(AC16)/1440),"") -> 46088.593 | AI16: 46087.663 | AJ16: Done | AK16: =IF(B16<>0,(if(AJ16="Pending",if($A$2>AH16,$A$2-AH16,0),if(AI16>AH16,AI16-AH16,0))),"") -> 0 | AL16: =IF(B16<>"",AG16,"") -> EMP5009 Rup Kumar Mandal | AN16: Click Here
A17: =if($B17<>"",A16+1,"") -> 4968 | B17: 46087.457 | C17: B.SC 2ND SEM REVAL MAY-2019 MARKSHEET BLANK | D17: IGU | E17: https://drive.google.com/open?id=1c8SyByaGMVOXS1UOmovp8hOBtGosM8I9 | F17: https://drive.google.com/open?id=1SsqLTD-dgURQgOkX6_iwGRf5AnZ2-MXC | G17: B.SC 2ND SEM REVAL MAY-2019 MARKSHEET BLANK | H17: Report not downloading | I17: Smart-Exam | J17: HARSHIT KUMAR | L17: DO THE CORRECTION AS PER ATTACHMENT | M17: =if(B17,if(and(hour(B17+M$7)>9.5,(hour(B17+M$7)<19.5)),B17+M$7,_xlfn.workday.intl(int(B17),1,"0000001",Holidays!A:A)+hour(B17+M$7-$B$1)/24+minute(B17)/1440),"") -> 46087.624 | N17: 46087.474 | O17: Done | P17: =IF(B17<>0,(if(O17="Pending",if($A$2>M17,$A$2-M17,0),if(N17>M17,N17-M17,0))),"") -> 0 | Q17: EMP0042 HULESHWAR KUMAR SAHU | R17: Requirements Clear | S17: =if(M17,if(and(hour(M17+S$7)>9.5,(hour(M17+S$7)<19.5)),M17+S$7,_xlfn.workday.intl(int(M17),1,"0000001",Holidays!A:A)+hour(M17+S$7-$B$1)/24+minute(M17)/1440),"") -> 46087.631 | T17: 46087.474 | U17: Done | V17: =IF(B17<>0,(if(U17="Pending",if($A$2>S17,$A$2-S17,0),if(T17>S17,T17-S17,0))),"") -> 0 | W17: =IF(B17<>"",Q17,"") -> EMP0042 HULESHWAR KUMAR SAHU | X17: =if(S17,if(and(hour(S17+X$7)>9.5,(hour(S17+X$7)<19.5)),S17+X$7,_xlfn.workday.intl(int(S17),1,"0000001",Holidays!A:A)+hour(S17+X$7-$B$1)/24+minute(S17)/1440),"") -> 46087.735 | Y17: 46087.474 | Z17: Done | AA17: =IF(B17<>0,(if(Z17="Pending",if($AD$1>X17,$AD$1-X17,0),if(Y17>X17,Y17-X17,0))),"") -> 0 | AB17: =IF(B17<>"",W17,"") -> EMP0042 HULESHWAR KUMAR SAHU | AC17: =if(X17,_xlfn.WORKDAY.INTL(X17,AC$7,"0000001",Holidays!A:A)+hour(X17)/24+MINUTE(X17)/1440,"") -> 46088.735 | AD17: 46087.496 | AE17: Done | AF17: =IF(B17<>0,(if(AD17="Pending",if($A$2>AC17,$A$2-AC17,0),if(AD17>AC17,AD17-AC17,0))),"") -> 0 | AG17: =IF(B17<>"",AB17,"") -> EMP0042 HULESHWAR KUMAR SAHU | AH17: =if(AC17,if(and(hour(AC17+AH$7)>9.5,(hour(AC17+AH$7)<19.5)),AC17+AH$7,_xlfn.workday.intl(int(AC17),1,"0000001",Holidays!A:A)+hour(AC17+AH$7-$B$1)/24+minute(AC17)/1440),"") -> 46088.776 | AI17: 46087.496 | AJ17: Done | AK17: =IF(B17<>0,(if(AJ17="Pending",if($A$2>AH17,$A$2-AH17,0),if(AI17>AH17,AI17-AH17,0))),"") -> 0 | AL17: =IF(B17<>"",AG17,"") -> EMP0042 HULESHWAR KUMAR SAHU | AN17: Click Here
A18: =if($B18<>"",A17+1,"") -> 4969 | B18: 46087.639 | C18: GAU Generate Attendance Sheet BAMS MARCH 2026 | D18: GAU | E18: https://drive.google.com/open?id=1aKyJqfwu32ugiHXZJRDPtCQIVoZLAoBv | G18: College Course | H18: Change in logic | I18: UCanAssess | J18: Ravikant Dewangan | L18: GAU Generate Attendance Sheet BAMS MARCH 2026 | M18: =if(B18,if(and(hour(B18+M$7)>9.5,(hour(B18+M$7)<19.5)),B18+M$7,_xlfn.workday.intl(int(B18),1,"0000001",Holidays!A:A)+hour(B18+M$7-$B$1)/24+minute(B18)/1440),"") -> 46087.806 | N18: 46087.64 | O18: Done | P18: =IF(B18<>0,(if(O18="Pending",if($A$2>M18,$A$2-M18,0),if(N18>M18,N18-M18,0))),"") -> 0 | Q18: EMP0021 Tamanna Dewangan | R18: Requirements Clear | S18: =if(M18,if(and(hour(M18+S$7)>9.5,(hour(M18+S$7)<19.5)),M18+S$7,_xlfn.workday.intl(int(M18),1,"0000001",Holidays!A:A)+hour(M18+S$7-$B$1)/24+minute(M18)/1440),"") -> 46087.813 | T18: 46087.641 | U18: Done | V18: =IF(B18<>0,(if(U18="Pending",if($A$2>S18,$A$2-S18,0),if(T18>S18,T18-S18,0))),"") -> 0 | W18: =IF(B18<>"",Q18,"") -> EMP0021 Tamanna Dewangan | X18: =if(S18,if(and(hour(S18+X$7)>9.5,(hour(S18+X$7)<19.5)),S18+X$7,_xlfn.workday.intl(int(S18),1,"0000001",Holidays!A:A)+hour(S18+X$7-$B$1)/24+minute(S18)/1440),"") -> 46088.521 | Y18: 46088.418 | Z18: Done | AA18: =IF(B18<>0,(if(Z18="Pending",if($AD$1>X18,$AD$1-X18,0),if(Y18>X18,Y18-X18,0))),"") -> 0 | AB18: =IF(B18<>"",W18,"") -> EMP0021 Tamanna Dewangan | AC18: =if(X18,_xlfn.WORKDAY.INTL(X18,AC$7,"0000001",Holidays!A:A)+hour(X18)/24+MINUTE(X18)/1440,"") -> 46090.521 | AD18: 46088.418 | AE18: Done | AF18: =IF(B18<>0,(if(AD18="Pending",if($A$2>AC18,$A$2-AC18,0),if(AD18>AC18,AD18-AC18,0))),"") -> 0 | AG18: =IF(B18<>"",AB18,"") -> EMP0021 Tamanna Dewangan | AH18: =if(AC18,if(and(hour(AC18+AH$7)>9.5,(hour(AC18+AH$7)<19.5)),AC18+AH$7,_xlfn.workday.intl(int(AC18),1,"0000001",Holidays!A:A)+hour(AC18+AH$7-$B$1)/24+minute(AC18)/1440),"") -> 46090.562 | AI18: 46088.418 | AJ18: Done | AK18: =IF(B18<>0,(if(AJ18="Pending",if($A$2>AH18,$A$2-AH18,0),if(AI18>AH18,AI18-AH18,0))),"") -> 0 | AL18: =IF(B18<>"",AG18,"") -> EMP0021 Tamanna Dewangan | AN18: Click Here
A19: =if($B19<>"",A18+1,"") -> 4970 | B19: 46087.733 | C19: Marks Entry Report | D19: SMKV | E19: https://drive.google.com/open?id=15Q0Dy3l85zME3ucBYLxN1KfeY5HjeRs1 | G19: Course Wise | H19: Change in design | I19: Smart-Exam | J19: Rohit Singh | L19: Please update the max marks as per discussion | M19: =if(B19,if(and(hour(B19+M$7)>9.5,(hour(B19+M$7)<19.5)),B19+M$7,_xlfn.workday.intl(int(B19),1,"0000001",Holidays!A:A)+hour(B19+M$7-$B$1)/24+minute(B19)/1440),"") -> 46088.483 | N19: 46087.736 | O19: Done | P19: =IF(B19<>0,(if(O19="Pending",if($A$2>M19,$A$2-M19,0),if(N19>M19,N19-M19,0))),"") -> 0 | Q19: EMP0042 HULESHWAR KUMAR SAHU | R19: Requirements Clear | S19: =if(M19,if(and(hour(M19+S$7)>9.5,(hour(M19+S$7)<19.5)),M19+S$7,_xlfn.workday.intl(int(M19),1,"0000001",Holidays!A:A)+hour(M19+S$7-$B$1)/24+minute(M19)/1440),"") -> 46088.49 | T19: 46087.736 | U19: Done | V19: =IF(B19<>0,(if(U19="Pending",if($A$2>S19,$A$2-S19,0),if(T19>S19,T19-S19,0))),"") -> 0 | W19: =IF(B19<>"",Q19,"") -> EMP0042 HULESHWAR KUMAR SAHU | X19: =if(S19,if(and(hour(S19+X$7)>9.5,(hour(S19+X$7)<19.5)),S19+X$7,_xlfn.workday.intl(int(S19),1,"0000001",Holidays!A:A)+hour(S19+X$7-$B$1)/24+minute(S19)/1440),"") -> 46088.594 | Y19: 46087.736 | Z19: Done | AA19: =IF(B19<>0,(if(Z19="Pending",if($AD$1>X19,$AD$1-X19,0),if(Y19>X19,Y19-X19,0))),"") -> 0 | AB19: =IF(B19<>"",W19,"") -> EMP0042 HULESHWAR KUMAR SAHU | AC19: =if(X19,_xlfn.WORKDAY.INTL(X19,AC$7,"0000001",Holidays!A:A)+hour(X19)/24+MINUTE(X19)/1440,"") -> 46090.594 | AD19: 46088.449 | AE19: Done | AF19: =IF(B19<>0,(if(AD19="Pending",if($A$2>AC19,$A$2-AC19,0),if(AD19>AC19,AD19-AC19,0))),"") -> 0 | AG19: =IF(B19<>"",AB19,"") -> EMP0042 HULESHWAR KUMAR SAHU | AH19: =if(AC19,if(and(hour(AC19+AH$7)>9.5,(hour(AC19+AH$7)<19.5)),AC19+AH$7,_xlfn.workday.intl(int(AC19),1,"0000001",Holidays!A:A)+hour(AC19+AH$7-$B$1)/24+minute(AC19)/1440),"") -> 46090.635 | AI19: 46088.449 | AJ19: Done | AK19: =IF(B19<>0,(if(AJ19="Pending",if($A$2>AH19,$A$2-AH19,0),if(AI19>AH19,AI19-AH19,0))),"") -> 0 | AL19: =IF(B19<>"",AG19,"") -> EMP0042 HULESHWAR KUMAR SAHU | AN19: Click Here
A20: =if($B20<>"",A19+1,"") -> 4971 | B20: 46087.776 | C20: exam time table repoort | D20: smkv bastar | E20: https://drive.google.com/open?id=1m_Sul2U-W0TWqbD0-Ha_VKFeTXGhbnME | G20: as per the previous | H20: Other changes | I20: Smart-Exam | J20: satish kumar | L20: PLease update as per the discussion | M20: =if(B20,if(and(hour(B20+M$7)>9.5,(hour(B20+M$7)<19.5)),B20+M$7,_xlfn.workday.intl(int(B20),1,"0000001",Holidays!A:A)+hour(B20+M$7-$B$1)/24+minute(B20)/1440),"") -> 46088.526 | N20: 46088.417 | O20: Done | P20: =IF(B20<>0,(if(O20="Pending",if($A$2>M20,$A$2-M20,0),if(N20>M20,N20-M20,0))),"") -> 0 | Q20: EMP0042 HULESHWAR KUMAR SAHU | R20: Requirements Clear | S20: =if(M20,if(and(hour(M20+S$7)>9.5,(hour(M20+S$7)<19.5)),M20+S$7,_xlfn.workday.intl(int(M20),1,"0000001",Holidays!A:A)+hour(M20+S$7-$B$1)/24+minute(M20)/1440),"") -> 46088.533 | T20: 46088.418 | U20: Done | V20: =IF(B20<>0,(if(U20="Pending",if($A$2>S20,$A$2-S20,0),if(T20>S20,T20-S20,0))),"") -> 0 | W20: =IF(B20<>"",Q20,"") -> EMP0042 HULESHWAR KUMAR SAHU | X20: =if(S20,if(and(hour(S20+X$7)>9.5,(hour(S20+X$7)<19.5)),S20+X$7,_xlfn.workday.intl(int(S20),1,"0000001",Holidays!A:A)+hour(S20+X$7-$B$1)/24+minute(S20)/1440),"") -> 46088.637 | Y20: 46088.418 | Z20: Done | AA20: =IF(B20<>0,(if(Z20="Pending",if($AD$1>X20,$AD$1-X20,0),if(Y20>X20,Y20-X20,0))),"") -> 0 | AB20: =IF(B20<>"",W20,"") -> EMP0042 HULESHWAR KUMAR SAHU | AC20: =if(X20,_xlfn.WORKDAY.INTL(X20,AC$7,"0000001",Holidays!A:A)+hour(X20)/24+MINUTE(X20)/1440,"") -> 46090.637 | AD20: 46088.449 | AE20: Done | AF20: =IF(B20<>0,(if(AD20="Pending",if($A$2>AC20,$A$2-AC20,0),if(AD20>AC20,AD20-AC20,0))),"") -> 0 | AG20: =IF(B20<>"",AB20,"") -> EMP0042 HULESHWAR KUMAR SAHU | AH20: =if(AC20,if(and(hour(AC20+AH$7)>9.5,(hour(AC20+AH$7)<19.5)),AC20+AH$7,_xlfn.workday.intl(int(AC20),1,"0000001",Holidays!A:A)+hour(AC20+AH$7-$B$1)/24+minute(AC20)/1440),"") -> 46090.678 | AI20: 46088.501 | AJ20: Done | AK20: =IF(B20<>0,(if(AJ20="Pending",if($A$2>AH20,$A$2-AH20,0),if(AI20>AH20,AI20-AH20,0))),"") -> 0 | AL20: =IF(B20<>"",AG20,"") -> EMP0042 HULESHWAR KUMAR SAHU | AN20: Click Here
A21: =if($B21<>"",A20+1,"") -> 4972 | B21: 46088.417 | C21: GAU Generate Attendance Sheet BAMS MARCH 2026 2nd LOT | D21: GAU | E21: https://drive.google.com/open?id=1RqYoKVO2NpX0W6xe-eXRPGH4mph-QX1r | G21: College & Course | H21: Change in logic | I21: UCanAssess | J21: Ravikant Dewangan | L21: Please generate the qr sticker in the previous format using the following table details: SELECT * FROM `gau_qrcode_generate`.`GAU_BAMS_march_2026_2nd` | M21: =if(B21,if(and(hour(B21+M$7)>9.5,(hour(B21+M$7)<19.5)),B21+M$7,_xlfn.workday.intl(int(B21),1,"0000001",Holidays!A:A)+hour(B21+M$7-$B$1)/24+minute(B21)/1440),"") -> 46088.584 | N21: 46088.417 | O21: Done | P21: =IF(B21<>0,(if(O21="Pending",if($A$2>M21,$A$2-M21,0),if(N21>M21,N21-M21,0))),"") -> 0 | Q21: EMP0021 Tamanna Dewangan | R21: Requirements Clear | S21: =if(M21,if(and(hour(M21+S$7)>9.5,(hour(M21+S$7)<19.5)),M21+S$7,_xlfn.workday.intl(int(M21),1,"0000001",Holidays!A:A)+hour(M21+S$7-$B$1)/24+minute(M21)/1440),"") -> 46088.591 | T21: 46088.418 | U21: Done | V21: =IF(B21<>0,(if(U21="Pending",if($A$2>S21,$A$2-S21,0),if(T21>S21,T21-S21,0))),"") -> 0 | W21: =IF(B21<>"",Q21,"") -> EMP0021 Tamanna Dewangan | X21: =if(S21,if(and(hour(S21+X$7)>9.5,(hour(S21+X$7)<19.5)),S21+X$7,_xlfn.workday.intl(int(S21),1,"0000001",Holidays!A:A)+hour(S21+X$7-$B$1)/24+minute(S21)/1440),"") -> 46088.695 | Y21: 46088.418 | Z21: Done | AA21: =IF(B21<>0,(if(Z21="Pending",if($AD$1>X21,$AD$1-X21,0),if(Y21>X21,Y21-X21,0))),"") -> 0 | AB21: =IF(B21<>"",W21,"") -> EMP0021 Tamanna Dewangan | AC21: =if(X21,_xlfn.WORKDAY.INTL(X21,AC$7,"0000001",Holidays!A:A)+hour(X21)/24+MINUTE(X21)/1440,"") -> 46090.694 | AD21: 46088.482 | AE21: Done | AF21: =IF(B21<>0,(if(AD21="Pending",if($A$2>AC21,$A$2-AC21,0),if(AD21>AC21,AD21-AC21,0))),"") -> 0 | AG21: =IF(B21<>"",AB21,"") -> EMP0021 Tamanna Dewangan | AH21: =if(AC21,if(and(hour(AC21+AH$7)>9.5,(hour(AC21+AH$7)<19.5)),AC21+AH$7,_xlfn.workday.intl(int(AC21),1,"0000001",Holidays!A:A)+hour(AC21+AH$7-$B$1)/24+minute(AC21)/1440),"") -> 46090.736 | AI21: 46088.482 | AJ21: Done | AK21: =IF(B21<>0,(if(AJ21="Pending",if($A$2>AH21,$A$2-AH21,0),if(AI21>AH21,AI21-AH21,0))),"") -> 0 | AL21: =IF(B21<>"",AG21,"") -> EMP0021 Tamanna Dewangan | AN21: Click Here
A22: =if($B22<>"",A21+1,"") -> 4973 | B22: 46088.443 | C22: Marks Sheet NEP | D22: SMKV | E22: https://drive.google.com/open?id=1V0vddiHHf4B6GfLRctFj1SAMRM3L74vN | G22: Course wise | H22: Change in design | I22: Smart-Exam | J22: Rohit Singh | L22: Please implement the changes as per discussion | M22: =if(B22,if(and(hour(B22+M$7)>9.5,(hour(B22+M$7)<19.5)),B22+M$7,_xlfn.workday.intl(int(B22),1,"0000001",Holidays!A:A)+hour(B22+M$7-$B$1)/24+minute(B22)/1440),"") -> 46088.61 | N22: 46088.449 | O22: Done | P22: =IF(B22<>0,(if(O22="Pending",if($A$2>M22,$A$2-M22,0),if(N22>M22,N22-M22,0))),"") -> 0 | Q22: EMP0042 HULESHWAR KUMAR SAHU | R22: Requirements Clear | S22: =if(M22,if(and(hour(M22+S$7)>9.5,(hour(M22+S$7)<19.5)),M22+S$7,_xlfn.workday.intl(int(M22),1,"0000001",Holidays!A:A)+hour(M22+S$7-$B$1)/24+minute(M22)/1440),"") -> 46088.617 | T22: 46088.449 | U22: Done | V22: =IF(B22<>0,(if(U22="Pending",if($A$2>S22,$A$2-S22,0),if(T22>S22,T22-S22,0))),"") -> 0 | W22: =IF(B22<>"",Q22,"") -> EMP0042 HULESHWAR KUMAR SAHU | X22: =if(S22,if(and(hour(S22+X$7)>9.5,(hour(S22+X$7)<19.5)),S22+X$7,_xlfn.workday.intl(int(S22),1,"0000001",Holidays!A:A)+hour(S22+X$7-$B$1)/24+minute(S22)/1440),"") -> 46088.721 | Y22: 46088.449 | Z22: Done | AA22: =IF(B22<>0,(if(Z22="Pending",if($AD$1>X22,$AD$1-X22,0),if(Y22>X22,Y22-X22,0))),"") -> 0 | AB22: =IF(B22<>"",W22,"") -> EMP0042 HULESHWAR KUMAR SAHU | AC22: =if(X22,_xlfn.WORKDAY.INTL(X22,AC$7,"0000001",Holidays!A:A)+hour(X22)/24+MINUTE(X22)/1440,"") -> 46090.72 | AD22: 46090.623 | AE22: Done | AF22: =IF(B22<>0,(if(AD22="Pending",if($A$2>AC22,$A$2-AC22,0),if(AD22>AC22,AD22-AC22,0))),"") -> 0 | AG22: =IF(B22<>"",AB22,"") -> EMP0042 HULESHWAR KUMAR SAHU | AH22: =if(AC22,if(and(hour(AC22+AH$7)>9.5,(hour(AC22+AH$7)<19.5)),AC22+AH$7,_xlfn.workday.intl(int(AC22),1,"0000001",Holidays!A:A)+hour(AC22+AH$7-$B$1)/24+minute(AC22)/1440),"") -> 46090.762 | AI22: 46090.672 | AJ22: Done | AK22: =IF(B22<>0,(if(AJ22="Pending",if($A$2>AH22,$A$2-AH22,0),if(AI22>AH22,AI22-AH22,0))),"") -> 0 | AL22: =IF(B22<>"",AG22,"") -> EMP0042 HULESHWAR KUMAR SAHU | AN22: Click Here
A23: =if($B23<>"",A22+1,"") -> 4974 | B23: 46090.496 | C23: M.S.W 3RD SEM TR NO OF PAGES | D23: IGU | E23: https://drive.google.com/open?id=1ptziOTMmZrCYpXt5GYuL_CSDh5BVDjfd | F23: https://drive.google.com/open?id=1GhOv8mz381d4E3x_VLwIW5-p1t9lLxhc | G23: M.S.W 3RD SEM TR NO OF PAGES | H23: Change in logic | I23: Smart-Exam | J23: HARSHIT KUMAR | L23: DO THE CORRECTION AS PER ATTACHMENT | M23: =if(B23,if(and(hour(B23+M$7)>9.5,(hour(B23+M$7)<19.5)),B23+M$7,_xlfn.workday.intl(int(B23),1,"0000001",Holidays!A:A)+hour(B23+M$7-$B$1)/24+minute(B23)/1440),"") -> 46090.663 | N23: 46090.519 | O23: Done | P23: =IF(B23<>0,(if(O23="Pending",if($A$2>M23,$A$2-M23,0),if(N23>M23,N23-M23,0))),"") -> 0 | Q23: EMP0042 HULESHWAR KUMAR SAHU | R23: Requirements Clear | S23: =if(M23,if(and(hour(M23+S$7)>9.5,(hour(M23+S$7)<19.5)),M23+S$7,_xlfn.workday.intl(int(M23),1,"0000001",Holidays!A:A)+hour(M23+S$7-$B$1)/24+minute(M23)/1440),"") -> 46090.67 | T23: 46090.519 | U23: Done | V23: =IF(B23<>0,(if(U23="Pending",if($A$2>S23,$A$2-S23,0),if(T23>S23,T23-S23,0))),"") -> 0 | W23: =IF(B23<>"",Q23,"") -> EMP0042 HULESHWAR KUMAR SAHU | X23: =if(S23,if(and(hour(S23+X$7)>9.5,(hour(S23+X$7)<19.5)),S23+X$7,_xlfn.workday.intl(int(S23),1,"0000001",Holidays!A:A)+hour(S23+X$7-$B$1)/24+minute(S23)/1440),"") -> 46090.774 | Y23: 46090.672 | Z23: Done | AA23: =IF(B23<>0,(if(Z23="Pending",if($AD$1>X23,$AD$1-X23,0),if(Y23>X23,Y23-X23,0))),"") -> 0 | AB23: =IF(B23<>"",W23,"") -> EMP0042 HULESHWAR KUMAR SAHU | AC23: =if(X23,_xlfn.WORKDAY.INTL(X23,AC$7,"0000001",Holidays!A:A)+hour(X23)/24+MINUTE(X23)/1440,"") -> 46091.774 | AD23: 46091.772 | AE23: Done | AF23: =IF(B23<>0,(if(AD23="Pending",if($A$2>AC23,$A$2-AC23,0),if(AD23>AC23,AD23-AC23,0))),"") -> 0 | AG23: =IF(B23<>"",AB23,"") -> EMP0042 HULESHWAR KUMAR SAHU | AH23: =if(AC23,if(and(hour(AC23+AH$7)>9.5,(hour(AC23+AH$7)<19.5)),AC23+AH$7,_xlfn.workday.intl(int(AC23),1,"0000001",Holidays!A:A)+hour(AC23+AH$7-$B$1)/24+minute(AC23)/1440),"") -> 46091.815 | AI23: 46091.775 | AJ23: Done | AK23: =IF(B23<>0,(if(AJ23="Pending",if($A$2>AH23,$A$2-AH23,0),if(AI23>AH23,AI23-AH23,0))),"") -> 0 | AL23: =IF(B23<>"",AG23,"") -> EMP0042 HULESHWAR KUMAR SAHU | AN23: Click Here
A24: =if($B24<>"",A23+1,"") -> 4975 | B24: 46090.535 | C24: Gold Medel Certificate Gnsu | D24: GNSU | E24: https://drive.google.com/open?id=1aWiOoYam2GpEK8YnwoRT49EBkzqy_8eU | G24: Gold Medel Certificate Final Year ( Annual Exam(PG)) PG MD - Anaesthesiology ( ANSTH)_SE15 | H24: Report not downloading | I24: Smart-Exam | J24: DEEPAK | L24: KINDLY UPDATE THE FOURTH CONVOCATION | M24: =if(B24,if(and(hour(B24+M$7)>9.5,(hour(B24+M$7)<19.5)),B24+M$7,_xlfn.workday.intl(int(B24),1,"0000001",Holidays!A:A)+hour(B24+M$7-$B$1)/24+minute(B24)/1440),"") -> 46090.701 | N24: 46090.62 | O24: Done | P24: =IF(B24<>0,(if(O24="Pending",if($A$2>M24,$A$2-M24,0),if(N24>M24,N24-M24,0))),"") -> 0 | Q24: EMP0042 HULESHWAR KUMAR SAHU | R24: Requirements Clear | S24: =if(M24,if(and(hour(M24+S$7)>9.5,(hour(M24+S$7)<19.5)),M24+S$7,_xlfn.workday.intl(int(M24),1,"0000001",Holidays!A:A)+hour(M24+S$7-$B$1)/24+minute(M24)/1440),"") -> 46090.708 | T24: 46090.621 | U24: Done | V24: =IF(B24<>0,(if(U24="Pending",if($A$2>S24,$A$2-S24,0),if(T24>S24,T24-S24,0))),"") -> 0 | W24: =IF(B24<>"",Q24,"") -> EMP0042 HULESHWAR KUMAR SAHU | X24: =if(S24,if(and(hour(S24+X$7)>9.5,(hour(S24+X$7)<19.5)),S24+X$7,_xlfn.workday.intl(int(S24),1,"0000001",Holidays!A:A)+hour(S24+X$7-$B$1)/24+minute(S24)/1440),"") -> 46090.813 | Y24: 46090.672 | Z24: Done | AA24: =IF(B24<>0,(if(Z24="Pending",if($AD$1>X24,$AD$1-X24,0),if(Y24>X24,Y24-X24,0))),"") -> 0 | AB24: =IF(B24<>"",W24,"") -> EMP0042 HULESHWAR KUMAR SAHU | AC24: =if(X24,_xlfn.WORKDAY.INTL(X24,AC$7,"0000001",Holidays!A:A)+hour(X24)/24+MINUTE(X24)/1440,"") -> 46091.812 | AD24: 46091.54 | AE24: Done | AF24: =IF(B24<>0,(if(AD24="Pending",if($A$2>AC24,$A$2-AC24,0),if(AD24>AC24,AD24-AC24,0))),"") -> 0 | AG24: =IF(B24<>"",AB24,"") -> EMP0042 HULESHWAR KUMAR SAHU | AH24: =if(AC24,if(and(hour(AC24+AH$7)>9.5,(hour(AC24+AH$7)<19.5)),AC24+AH$7,_xlfn.workday.intl(int(AC24),1,"0000001",Holidays!A:A)+hour(AC24+AH$7-$B$1)/24+minute(AC24)/1440),"") -> 46092.438 | AI24: 46091.54 | AJ24: Done | AK24: =IF(B24<>0,(if(AJ24="Pending",if($A$2>AH24,$A$2-AH24,0),if(AI24>AH24,AI24-AH24,0))),"") -> 0 | AL24: =IF(B24<>"",AG24,"") -> EMP0042 HULESHWAR KUMAR SAHU | AN24: Click Here
A25: =if($B25<>"",A24+1,"") -> 4976 | B25: 46090.538 | C25: ADMIT CARD | D25: IGU | E25: https://drive.google.com/open?id=18KNmdhuUgubw11G2MCGG5NxlwpOAV5Hd | G25: Regarding for M.ed 1st Sem regular admit card not show in roll number | H25: Report not downloading, Change in logic | I25: Smart-Exam | J25: CHINTU SINGH | L25: Regarding for M.ed 1st Sem regular admit card not show in roll number | M25: =if(B25,if(and(hour(B25+M$7)>9.5,(hour(B25+M$7)<19.5)),B25+M$7,_xlfn.workday.intl(int(B25),1,"0000001",Holidays!A:A)+hour(B25+M$7-$B$1)/24+minute(B25)/1440),"") -> 46090.705 | N25: 46090.62 | O25: Done | P25: =IF(B25<>0,(if(O25="Pending",if($A$2>M25,$A$2-M25,0),if(N25>M25,N25-M25,0))),"") -> 0 | Q25: EMP0021 Tamanna Dewangan | R25: Requirements Clear | S25: =if(M25,if(and(hour(M25+S$7)>9.5,(hour(M25+S$7)<19.5)),M25+S$7,_xlfn.workday.intl(int(M25),1,"0000001",Holidays!A:A)+hour(M25+S$7-$B$1)/24+minute(M25)/1440),"") -> 46090.712 | T25: 46090.621 | U25: Done | V25: =IF(B25<>0,(if(U25="Pending",if($A$2>S25,$A$2-S25,0),if(T25>S25,T25-S25,0))),"") -> 0 | W25: =IF(B25<>"",Q25,"") -> EMP0021 Tamanna Dewangan | X25: =if(S25,if(and(hour(S25+X$7)>9.5,(hour(S25+X$7)<19.5)),S25+X$7,_xlfn.workday.intl(int(S25),1,"0000001",Holidays!A:A)+hour(S25+X$7-$B$1)/24+minute(S25)/1440),"") -> 46090.816 | Y25: 46090.625 | Z25: Done | AA25: =IF(B25<>0,(if(Z25="Pending",if($AD$1>X25,$AD$1-X25,0),if(Y25>X25,Y25-X25,0))),"") -> 0 | AB25: =IF(B25<>"",W25,"") -> EMP0021 Tamanna Dewangan | AC25: =if(X25,_xlfn.WORKDAY.INTL(X25,AC$7,"0000001",Holidays!A:A)+hour(X25)/24+MINUTE(X25)/1440,"") -> 46091.815 | AD25: 46090.625 | AE25: Done | AF25: =IF(B25<>0,(if(AD25="Pending",if($A$2>AC25,$A$2-AC25,0),if(AD25>AC25,AD25-AC25,0))),"") -> 0 | AG25: =IF(B25<>"",AB25,"") -> EMP0021 Tamanna Dewangan | AH25: =if(AC25,if(and(hour(AC25+AH$7)>9.5,(hour(AC25+AH$7)<19.5)),AC25+AH$7,_xlfn.workday.intl(int(AC25),1,"0000001",Holidays!A:A)+hour(AC25+AH$7-$B$1)/24+minute(AC25)/1440),"") -> 46092.44 | AI25: 46090.625 | AJ25: Done | AK25: =IF(B25<>0,(if(AJ25="Pending",if($A$2>AH25,$A$2-AH25,0),if(AI25>AH25,AI25-AH25,0))),"") -> 0 | AL25: =IF(B25<>"",AG25,"") -> EMP0021 Tamanna Dewangan | AN25: Click Here
A26: =if($B26<>"",A25+1,"") -> 4977 | B26: 46090.54 | C26: Enrolment/Exam form report | D26: SKS International University | E26: https://drive.google.com/open?id=149MzaH_Hqy0Kc49qyQ8_hDoFh1wv57hv | G26: Course | H26: Other changes | I26: Smart-Exam | J26: Rajesh Gupta | L26: Please add the one Colome Year/Semester in this format | M26: =if(B26,if(and(hour(B26+M$7)>9.5,(hour(B26+M$7)<19.5)),B26+M$7,_xlfn.workday.intl(int(B26),1,"0000001",Holidays!A:A)+hour(B26+M$7-$B$1)/24+minute(B26)/1440),"") -> 46090.707 | N26: 46090.55 | O26: Done | P26: =IF(B26<>0,(if(O26="Pending",if($A$2>M26,$A$2-M26,0),if(N26>M26,N26-M26,0))),"") -> 0 | Q26: EMP0237 Swarnendu Chakraborty | R26: Requirements Clear | S26: =if(M26,if(and(hour(M26+S$7)>9.5,(hour(M26+S$7)<19.5)),M26+S$7,_xlfn.workday.intl(int(M26),1,"0000001",Holidays!A:A)+hour(M26+S$7-$B$1)/24+minute(M26)/1440),"") -> 46090.714 | T26: 46090.55 | U26: Done | V26: =IF(B26<>0,(if(U26="Pending",if($A$2>S26,$A$2-S26,0),if(T26>S26,T26-S26,0))),"") -> 0 | W26: =IF(B26<>"",Q26,"") -> EMP0237 Swarnendu Chakraborty | X26: =if(S26,if(and(hour(S26+X$7)>9.5,(hour(S26+X$7)<19.5)),S26+X$7,_xlfn.workday.intl(int(S26),1,"0000001",Holidays!A:A)+hour(S26+X$7-$B$1)/24+minute(S26)/1440),"") -> 46090.818 | Y26: 46090.55 | Z26: Done | AA26: =IF(B26<>0,(if(Z26="Pending",if($AD$1>X26,$AD$1-X26,0),if(Y26>X26,Y26-X26,0))),"") -> 0 | AB26: =IF(B26<>"",W26,"") -> EMP0237 Swarnendu Chakraborty | AC26: =if(X26,_xlfn.WORKDAY.INTL(X26,AC$7,"0000001",Holidays!A:A)+hour(X26)/24+MINUTE(X26)/1440,"") -> 46091.818 | AD26: 46091.469 | AE26: Done | AF26: =IF(B26<>0,(if(AD26="Pending",if($A$2>AC26,$A$2-AC26,0),if(AD26>AC26,AD26-AC26,0))),"") -> 0 | AG26: =IF(B26<>"",AB26,"") -> EMP0237 Swarnendu Chakraborty | AH26: =if(AC26,if(and(hour(AC26+AH$7)>9.5,(hour(AC26+AH$7)<19.5)),AC26+AH$7,_xlfn.workday.intl(int(AC26),1,"0000001",Holidays!A:A)+hour(AC26+AH$7-$B$1)/24+minute(AC26)/1440),"") -> 46092.443 | AI26: 46091.469 | AJ26: Done | AK26: =IF(B26<>0,(if(AJ26="Pending",if($A$2>AH26,$A$2-AH26,0),if(AI26>AH26,AI26-AH26,0))),"") -> 0 | AL26: =IF(B26<>"",AG26,"") -> EMP0237 Swarnendu Chakraborty | AN26: Click Here
A27: =if($B27<>"",A26+1,"") -> 4978 | B27: 46090.576 | C27: MULTIPLE REPORT | D27: SGBAU | E27: https://drive.google.com/open?id=1FHnmm9S1-hSTFSC3RsuK_6ONkwRAOhP5 | G27: MHRD TR | H27: Other changes | I27: Smart-Exam | J27: KAMINI THAKUR | L27: TR RESULT HOSTING COLLEGEWISE ME TH MHRD KA FILE HONA | M27: =if(B27,if(and(hour(B27+M$7)>9.5,(hour(B27+M$7)<19.5)),B27+M$7,_xlfn.workday.intl(int(B27),1,"0000001",Holidays!A:A)+hour(B27+M$7-$B$1)/24+minute(B27)/1440),"") -> 46090.743 | N27: 46090.62 | O27: Done | P27: =IF(B27<>0,(if(O27="Pending",if($A$2>M27,$A$2-M27,0),if(N27>M27,N27-M27,0))),"") -> 0 | Q27: EMP0042 HULESHWAR KUMAR SAHU | R27: Requirements Clear | S27: =if(M27,if(and(hour(M27+S$7)>9.5,(hour(M27+S$7)<19.5)),M27+S$7,_xlfn.workday.intl(int(M27),1,"0000001",Holidays!A:A)+hour(M27+S$7-$B$1)/24+minute(M27)/1440),"") -> 46090.75 | T27: 46090.773 | U27: Done | V27: =IF(B27<>0,(if(U27="Pending",if($A$2>S27,$A$2-S27,0),if(T27>S27,T27-S27,0))),"") -> 0.023352025 | W27: =IF(B27<>"",Q27,"") -> EMP0042 HULESHWAR KUMAR SAHU | X27: =if(S27,if(and(hour(S27+X$7)>9.5,(hour(S27+X$7)<19.5)),S27+X$7,_xlfn.workday.intl(int(S27),1,"0000001",Holidays!A:A)+hour(S27+X$7-$B$1)/24+minute(S27)/1440),"") -> 46091.458 | Y27: 46090.773 | Z27: Done | AA27: =IF(B27<>0,(if(Z27="Pending",if($AD$1>X27,$AD$1-X27,0),if(Y27>X27,Y27-X27,0))),"") -> 0 | AB27: =IF(B27<>"",W27,"") -> EMP0042 HULESHWAR KUMAR SAHU | AC27: =if(X27,_xlfn.WORKDAY.INTL(X27,AC$7,"0000001",Holidays!A:A)+hour(X27)/24+MINUTE(X27)/1440,"") -> 46092.458 | AD27: 46091.54 | AE27: Done | AF27: =IF(B27<>0,(if(AD27="Pending",if($A$2>AC27,$A$2-AC27,0),if(AD27>AC27,AD27-AC27,0))),"") -> 0 | AG27: =IF(B27<>"",AB27,"") -> EMP0042 HULESHWAR KUMAR SAHU | AH27: =if(AC27,if(and(hour(AC27+AH$7)>9.5,(hour(AC27+AH$7)<19.5)),AC27+AH$7,_xlfn.workday.intl(int(AC27),1,"0000001",Holidays!A:A)+hour(AC27+AH$7-$B$1)/24+minute(AC27)/1440),"") -> 46092.499 | AI27: 46091.54 | AJ27: Done | AK27: =IF(B27<>0,(if(AJ27="Pending",if($A$2>AH27,$A$2-AH27,0),if(AI27>AH27,AI27-AH27,0))),"") -> 0 | AL27: =IF(B27<>"",AG27,"") -> EMP0042 HULESHWAR KUMAR SAHU | AN27: Click Here
A28: =if($B28<>"",A27+1,"") -> 4979 | B28: 46090.595 | C28: Degree certificate correction | D28: MGU | E28: https://drive.google.com/open?id=1qNvVBFPAHJiUBsWL1nv9u2wF3iJvNQFW | G28: FINAL YEAR | H28: Change in logic | I28: Smart-Exam | J28: Tusar Chhatui | L28: Degree certificate correction | M28: =if(B28,if(and(hour(B28+M$7)>9.5,(hour(B28+M$7)<19.5)),B28+M$7,_xlfn.workday.intl(int(B28),1,"0000001",Holidays!A:A)+hour(B28+M$7-$B$1)/24+minute(B28)/1440),"")+1 -> 46091.762 | N28: 46091.468 | O28: Done | P28: =IF(B28<>0,(if(O28="Pending",if($A$2>M28,$A$2-M28,0),if(N28>M28,N28-M28,0))),"") -> 0 | Q28: EMP0042 HULESHWAR KUMAR SAHU | R28: Requirements Clear | S28: =if(M28,if(and(hour(M28+S$7)>9.5,(hour(M28+S$7)<19.5)),M28+S$7,_xlfn.workday.intl(int(M28),1,"0000001",Holidays!A:A)+hour(M28+S$7-$B$1)/24+minute(M28)/1440),"") -> 46091.768 | T28: 46091.468 | U28: Done | V28: =IF(B28<>0,(if(U28="Pending",if($A$2>S28,$A$2-S28,0),if(T28>S28,T28-S28,0))),"") -> 0 | W28: =IF(B28<>"",Q28,"") -> EMP0042 HULESHWAR KUMAR SAHU | X28: 46091.476 | Y28: 46091.469 | Z28: Done | AA28: =IF(B28<>0,(if(Z28="Pending",if($AD$1>X28,$AD$1-X28,0),if(Y28>X28,Y28-X28,0))),"") -> 0 | AB28: =IF(B28<>"",W28,"") -> EMP0042 HULESHWAR KUMAR SAHU | AC28: =if(X28,_xlfn.WORKDAY.INTL(X28,AC$7,"0000001",Holidays!A:A)+hour(X28)/24+MINUTE(X28)/1440,"") -> 46092.476 | AD28: 46091.469 | AE28: Done | AF28: =IF(B28<>0,(if(AD28="Pending",if($A$2>AC28,$A$2-AC28,0),if(AD28>AC28,AD28-AC28,0))),"") -> 0 | AG28: =IF(B28<>"",AB28,"") -> EMP0042 HULESHWAR KUMAR SAHU | AH28: =if(AC28,if(and(hour(AC28+AH$7)>9.5,(hour(AC28+AH$7)<19.5)),AC28+AH$7,_xlfn.workday.intl(int(AC28),1,"0000001",Holidays!A:A)+hour(AC28+AH$7-$B$1)/24+minute(AC28)/1440),"") -> 46092.518 | AI28: 46091.469 | AJ28: Done | AK28: =IF(B28<>0,(if(AJ28="Pending",if($A$2>AH28,$A$2-AH28,0),if(AI28>AH28,AI28-AH28,0))),"") -> 0 | AL28: =IF(B28<>"",AG28,"") -> EMP0042 HULESHWAR KUMAR SAHU | AN28: Click Here
A29: =if($B29<>"",A28+1,"") -> 4980 | B29: 46091.619 | C29: provisional certificate | D29: JMI | E29: https://drive.google.com/open?id=1NRuw0QT4OaOeoGGNGnwy8TTh4L345iwz | F29: https://drive.google.com/open?id=1IT-DOUHCHA_GDyYxu14x9KVYkxUE8gUa | G29: provisional certificate | H29: Report not downloading | I29: Other | J29: VIRENDRA KUMAR | L29: signature change of off. controller | M29: =if(B29,if(and(hour(B29+M$7)>9.5,(hour(B29+M$7)<19.5)),B29+M$7,_xlfn.workday.intl(int(B29),1,"0000001",Holidays!A:A)+hour(B29+M$7-$B$1)/24+minute(B29)/1440),"") -> 46091.785 | N29: 46091.626 | O29: Done | P29: =IF(B29<>0,(if(O29="Pending",if($A$2>M29,$A$2-M29,0),if(N29>M29,N29-M29,0))),"") -> 0 | Q29: EMP0021 Tamanna Dewangan | R29: Requirements Clear | S29: =if(M29,if(and(hour(M29+S$7)>9.5,(hour(M29+S$7)<19.5)),M29+S$7,_xlfn.workday.intl(int(M29),1,"0000001",Holidays!A:A)+hour(M29+S$7-$B$1)/24+minute(M29)/1440),"") -> 46091.792 | T29: 46091.626 | U29: Done | V29: =IF(B29<>0,(if(U29="Pending",if($A$2>S29,$A$2-S29,0),if(T29>S29,T29-S29,0))),"") -> 0 | W29: =IF(B29<>"",Q29,"") -> EMP0021 Tamanna Dewangan | X29: =if(S29,if(and(hour(S29+X$7)>9.5,(hour(S29+X$7)<19.5)),S29+X$7,_xlfn.workday.intl(int(S29),1,"0000001",Holidays!A:A)+hour(S29+X$7-$B$1)/24+minute(S29)/1440),"") -> 46092.458 | Y29: 46091.776 | Z29: Done | AA29: =IF(B29<>0,(if(Z29="Pending",if($AD$1>X29,$AD$1-X29,0),if(Y29>X29,Y29-X29,0))),"") -> 0 | AB29: =IF(B29<>"",W29,"") -> EMP0021 Tamanna Dewangan | AC29: =if(X29,_xlfn.WORKDAY.INTL(X29,AC$7,"0000001",Holidays!A:A)+hour(X29)/24+MINUTE(X29)/1440,"") -> 46093.458 | AD29: 46092.416 | AE29: Done | AF29: =IF(B29<>0,(if(AD29="Pending",if($A$2>AC29,$A$2-AC29,0),if(AD29>AC29,AD29-AC29,0))),"") -> 0 | AG29: =IF(B29<>"",AB29,"") -> EMP0021 Tamanna Dewangan | AH29: =if(AC29,if(and(hour(AC29+AH$7)>9.5,(hour(AC29+AH$7)<19.5)),AC29+AH$7,_xlfn.workday.intl(int(AC29),1,"0000001",Holidays!A:A)+hour(AC29+AH$7-$B$1)/24+minute(AC29)/1440),"") -> 46093.5 | AI29: 46092.416 | AJ29: Done | AK29: =IF(B29<>0,(if(AJ29="Pending",if($A$2>AH29,$A$2-AH29,0),if(AI29>AH29,AI29-AH29,0))),"") -> 0 | AL29: =IF(B29<>"",AG29,"") -> EMP0021 Tamanna Dewangan | AN29: Click Here
A30: =if($B30<>"",A29+1,"") -> 4981 | B30: 46091.623 | C30: COLLEGE WISE TIME TABLE | D30: SMKV BASTAR | E30: https://drive.google.com/open?id=1UjbYREPBhDD-euOMZ8H138a_yA8ibX8w | G30: AS PER PREVIOUS | H30: Other changes | I30: Smart-Exam | J30: Satish Kumar | L30: PLEASE CHECK AND UPDATE AS THE ANNUAL SCHEMA | M30: =if(B30,if(and(hour(B30+M$7)>9.5,(hour(B30+M$7)<19.5)),B30+M$7,_xlfn.workday.intl(int(B30),1,"0000001",Holidays!A:A)+hour(B30+M$7-$B$1)/24+minute(B30)/1440),"") -> 46091.789 | N30: 46091.626 | O30: Done | P30: =IF(B30<>0,(if(O30="Pending",if($A$2>M30,$A$2-M30,0),if(N30>M30,N30-M30,0))),"") -> 0 | Q30: EMP0042 HULESHWAR KUMAR SAHU | R30: Requirements Clear | S30: =if(M30,if(and(hour(M30+S$7)>9.5,(hour(M30+S$7)<19.5)),M30+S$7,_xlfn.workday.intl(int(M30),1,"0000001",Holidays!A:A)+hour(M30+S$7-$B$1)/24+minute(M30)/1440),"") -> 46091.796 | T30: 46091.626 | U30: Done | V30: =IF(B30<>0,(if(U30="Pending",if($A$2>S30,$A$2-S30,0),if(T30>S30,T30-S30,0))),"") -> 0 | W30: =IF(B30<>"",Q30,"") -> EMP0042 HULESHWAR KUMAR SAHU | X30: =if(S30,if(and(hour(S30+X$7)>9.5,(hour(S30+X$7)<19.5)),S30+X$7,_xlfn.workday.intl(int(S30),1,"0000001",Holidays!A:A)+hour(S30+X$7-$B$1)/24+minute(S30)/1440),"") -> 46092.463 | Y30: 46091.776 | Z30: Done | AA30: =IF(B30<>0,(if(Z30="Pending",if($AD$1>X30,$AD$1-X30,0),if(Y30>X30,Y30-X30,0))),"") -> 0 | AB30: =IF(B30<>"",W30,"") -> EMP0042 HULESHWAR KUMAR SAHU | AC30: =if(X30,_xlfn.WORKDAY.INTL(X30,AC$7,"0000001",Holidays!A:A)+hour(X30)/24+MINUTE(X30)/1440,"") -> 46093.463 | AD30: 46091.776 | AE30: Done | AF30: =IF(B30<>0,(if(AD30="Pending",if($A$2>AC30,$A$2-AC30,0),if(AD30>AC30,AD30-AC30,0))),"") -> 0 | AG30: =IF(B30<>"",AB30,"") -> EMP0042 HULESHWAR KUMAR SAHU | AH30: =if(AC30,if(and(hour(AC30+AH$7)>9.5,(hour(AC30+AH$7)<19.5)),AC30+AH$7,_xlfn.workday.intl(int(AC30),1,"0000001",Holidays!A:A)+hour(AC30+AH$7-$B$1)/24+minute(AC30)/1440),"") -> 46093.504 | AI30: 46091.776 | AJ30: Done | AK30: =IF(B30<>0,(if(AJ30="Pending",if($A$2>AH30,$A$2-AH30,0),if(AI30>AH30,AI30-AH30,0))),"") -> 0 | AL30: =IF(B30<>"",AG30,"") -> EMP0042 HULESHWAR KUMAR SAHU | AN30: Click Here
A31: =if($B31<>"",A30+1,"") -> 4982 | B31: 46091.739 | C31: TR | D31: SMKV | E31: https://drive.google.com/open?id=1VQdMSwGGC166jr8p8KNzfiC4JOIvWNjA | G31: Course Wise | H31: Change in design | I31: Smart-Exam | J31: Rohit Singh | L31: please do this | M31: =if(B31,if(and(hour(B31+M$7)>9.5,(hour(B31+M$7)<19.5)),B31+M$7,_xlfn.workday.intl(int(B31),1,"0000001",Holidays!A:A)+hour(B31+M$7-$B$1)/24+minute(B31)/1440),"") -> 46092.488 | N31: 46091.776 | O31: Done | P31: =IF(B31<>0,(if(O31="Pending",if($A$2>M31,$A$2-M31,0),if(N31>M31,N31-M31,0))),"") -> 0 | Q31: EMP0042 HULESHWAR KUMAR SAHU | R31: Requirements Clear | S31: =if(M31,if(and(hour(M31+S$7)>9.5,(hour(M31+S$7)<19.5)),M31+S$7,_xlfn.workday.intl(int(M31),1,"0000001",Holidays!A:A)+hour(M31+S$7-$B$1)/24+minute(M31)/1440),"") -> 46092.495 | T31: 46091.776 | U31: Done | V31: =IF(B31<>0,(if(U31="Pending",if($A$2>S31,$A$2-S31,0),if(T31>S31,T31-S31,0))),"") -> 0 | W31: =IF(B31<>"",Q31,"") -> EMP0042 HULESHWAR KUMAR SAHU | X31: =if(S31,if(and(hour(S31+X$7)>9.5,(hour(S31+X$7)<19.5)),S31+X$7,_xlfn.workday.intl(int(S31),1,"0000001",Holidays!A:A)+hour(S31+X$7-$B$1)/24+minute(S31)/1440),"") -> 46092.599 | Y31: 46092.432 | Z31: Done | AA31: =IF(B31<>0,(if(Z31="Pending",if($AD$1>X31,$AD$1-X31,0),if(Y31>X31,Y31-X31,0))),"") -> 0 | AB31: =IF(B31<>"",W31,"") -> EMP0042 HULESHWAR KUMAR SAHU | AC31: =if(X31,_xlfn.WORKDAY.INTL(X31,AC$7,"0000001",Holidays!A:A)+hour(X31)/24+MINUTE(X31)/1440,"") -> 46093.599 | AD31: 46092.598 | AE31: Done | AF31: =IF(B31<>0,(if(AD31="Pending",if($A$2>AC31,$A$2-AC31,0),if(AD31>AC31,AD31-AC31,0))),"") -> 0 | AG31: =IF(B31<>"",AB31,"") -> EMP0042 HULESHWAR KUMAR SAHU | AH31: =if(AC31,if(and(hour(AC31+AH$7)>9.5,(hour(AC31+AH$7)<19.5)),AC31+AH$7,_xlfn.workday.intl(int(AC31),1,"0000001",Holidays!A:A)+hour(AC31+AH$7-$B$1)/24+minute(AC31)/1440),"") -> 46093.641 | AI31: 46092.598 | AJ31: Done | AK31: =IF(B31<>0,(if(AJ31="Pending",if($A$2>AH31,$A$2-AH31,0),if(AI31>AH31,AI31-AH31,0))),"") -> 0 | AL31: =IF(B31<>"",AG31,"") -> EMP0042 HULESHWAR KUMAR SAHU | AN31: Click Here
A32: =if($B32<>"",A31+1,"") -> 4983 | B32: 46091.813 | C32: 3152 | D32: MZU | E32: https://drive.google.com/open?id=1tLUZlvAhMzVIoEjuJTxG8SW39MfeB9qN | G32: C000001,SE25,SM02,RE-APPEAR | H32: Change in design | I32: Smart-Exam | J32: Somen parui | L32: discuss with rup | M32: =if(B32,if(and(hour(B32+M$7)>9.5,(hour(B32+M$7)<19.5)),B32+M$7,_xlfn.workday.intl(int(B32),1,"0000001",Holidays!A:A)+hour(B32+M$7-$B$1)/24+minute(B32)/1440),"") -> 46092.562 | N32: 46092.432 | O32: Done | P32: =IF(B32<>0,(if(O32="Pending",if($A$2>M32,$A$2-M32,0),if(N32>M32,N32-M32,0))),"") -> 0 | Q32: EMP5009 Rup Kumar Mandal | R32: Requirements Clear | S32: =if(M32,if(and(hour(M32+S$7)>9.5,(hour(M32+S$7)<19.5)),M32+S$7,_xlfn.workday.intl(int(M32),1,"0000001",Holidays!A:A)+hour(M32+S$7-$B$1)/24+minute(M32)/1440),"") -> 46092.569 | T32: 46092.432 | U32: Done | V32: =IF(B32<>0,(if(U32="Pending",if($A$2>S32,$A$2-S32,0),if(T32>S32,T32-S32,0))),"") -> 0 | W32: =IF(B32<>"",Q32,"") -> EMP5009 Rup Kumar Mandal | X32: =if(S32,if(and(hour(S32+X$7)>9.5,(hour(S32+X$7)<19.5)),S32+X$7,_xlfn.workday.intl(int(S32),1,"0000001",Holidays!A:A)+hour(S32+X$7-$B$1)/24+minute(S32)/1440),"") -> 46092.674 | Y32: 46092.432 | Z32: Done | AA32: =IF(B32<>0,(if(Z32="Pending",if($AD$1>X32,$AD$1-X32,0),if(Y32>X32,Y32-X32,0))),"") -> 0 | AB32: =IF(B32<>"",W32,"") -> EMP5009 Rup Kumar Mandal | AC32: =if(X32,_xlfn.WORKDAY.INTL(X32,AC$7,"0000001",Holidays!A:A)+hour(X32)/24+MINUTE(X32)/1440,"") -> 46093.674 | AD32: 46092.432 | AE32: Done | AF32: =IF(B32<>0,(if(AD32="Pending",if($A$2>AC32,$A$2-AC32,0),if(AD32>AC32,AD32-AC32,0))),"") -> 0 | AG32: =IF(B32<>"",AB32,"") -> EMP5009 Rup Kumar Mandal | AH32: =if(AC32,if(and(hour(AC32+AH$7)>9.5,(hour(AC32+AH$7)<19.5)),AC32+AH$7,_xlfn.workday.intl(int(AC32),1,"0000001",Holidays!A:A)+hour(AC32+AH$7-$B$1)/24+minute(AC32)/1440),"") -> 46093.715 | AI32: 46093.424 | AJ32: Done | AK32: =IF(B32<>0,(if(AJ32="Pending",if($A$2>AH32,$A$2-AH32,0),if(AI32>AH32,AI32-AH32,0))),"") -> 0 | AL32: =IF(B32<>"",AG32,"") -> EMP5009 Rup Kumar Mandal | AN32: Click Here
A33: =if($B33<>"",A32+1,"") -> 4984 | B33: 46092.634 | C33: Upshastri TR not Download | D33: KSDSU | E33: https://drive.google.com/open?id=1tTlI48zeE6apcAG3ezeECElMTFARrLEE | G33: Upshastri 1st year | H33: Report not downloading | I33: Smart-Exam | J33: Ujjal das | L33: TR not download | M33: =if(B33,if(and(hour(B33+M$7)>9.5,(hour(B33+M$7)<19.5)),B33+M$7,_xlfn.workday.intl(int(B33),1,"0000001",Holidays!A:A)+hour(B33+M$7-$B$1)/24+minute(B33)/1440),"") -> 46092.8 | N33: 46092.741 | O33: Done | P33: =IF(B33<>0,(if(O33="Pending",if($A$2>M33,$A$2-M33,0),if(N33>M33,N33-M33,0))),"") -> 0 | Q33: EMP0042 HULESHWAR KUMAR SAHU | R33: Requirements Clear | S33: =if(M33,if(and(hour(M33+S$7)>9.5,(hour(M33+S$7)<19.5)),M33+S$7,_xlfn.workday.intl(int(M33),1,"0000001",Holidays!A:A)+hour(M33+S$7-$B$1)/24+minute(M33)/1440),"") -> 46092.807 | T33: 46092.741 | U33: Done | V33: =IF(B33<>0,(if(U33="Pending",if($A$2>S33,$A$2-S33,0),if(T33>S33,T33-S33,0))),"") -> 0 | W33: =IF(B33<>"",Q33,"") -> EMP0042 HULESHWAR KUMAR SAHU | X33: =if(S33,if(and(hour(S33+X$7)>9.5,(hour(S33+X$7)<19.5)),S33+X$7,_xlfn.workday.intl(int(S33),1,"0000001",Holidays!A:A)+hour(S33+X$7-$B$1)/24+minute(S33)/1440),"") -> 46093.474 | Y33: 46092.741 | Z33: Done | AA33: =IF(B33<>0,(if(Z33="Pending",if($AD$1>X33,$AD$1-X33,0),if(Y33>X33,Y33-X33,0))),"") -> 0 | AB33: =IF(B33<>"",W33,"") -> EMP0042 HULESHWAR KUMAR SAHU | AC33: =if(X33,_xlfn.WORKDAY.INTL(X33,AC$7,"0000001",Holidays!A:A)+hour(X33)/24+MINUTE(X33)/1440,"") -> 46094.474 | AD33: 46092.768 | AE33: Done | AF33: =IF(B33<>0,(if(AD33="Pending",if($A$2>AC33,$A$2-AC33,0),if(AD33>AC33,AD33-AC33,0))),"") -> 0 | AG33: =IF(B33<>"",AB33,"") -> EMP0042 HULESHWAR KUMAR SAHU | AH33: =if(AC33,if(and(hour(AC33+AH$7)>9.5,(hour(AC33+AH$7)<19.5)),AC33+AH$7,_xlfn.workday.intl(int(AC33),1,"0000001",Holidays!A:A)+hour(AC33+AH$7-$B$1)/24+minute(AC33)/1440),"") -> 46094.515 | AI33: 46092.768 | AJ33: Done | AK33: =IF(B33<>0,(if(AJ33="Pending",if($A$2>AH33,$A$2-AH33,0),if(AI33>AH33,AI33-AH33,0))),"") -> 0 | AL33: =IF(B33<>"",AG33,"") -> EMP0042 HULESHWAR KUMAR SAHU | AN33: Click Here
A34: =if($B34<>"",A33+1,"") -> 4985 | B34: 46093.45 | C34: CBCS TR chnage the filter all and add collge wise | D34: SU | E34: https://drive.google.com/open?id=1JT8GKwXxYmlulArzMkxreZFRkxi8pkh7 | G34: college | H34: Other changes | I34: Smart-Exam | J34: Khaleshwar | L34: CBCS TR chnage the filter all and add collge wise | M34: =if(B34,if(and(hour(B34+M$7)>9.5,(hour(B34+M$7)<19.5)),B34+M$7,_xlfn.workday.intl(int(B34),1,"0000001",Holidays!A:A)+hour(B34+M$7-$B$1)/24+minute(B34)/1440),"") -> 46093.616 | N34: 46093.521 | O34: Done | P34: =IF(B34<>0,(if(O34="Pending",if($A$2>M34,$A$2-M34,0),if(N34>M34,N34-M34,0))),"") -> 0 | Q34: EMP0021 Tamanna Dewangan | R34: Requirements Clear | S34: =if(M34,if(and(hour(M34+S$7)>9.5,(hour(M34+S$7)<19.5)),M34+S$7,_xlfn.workday.intl(int(M34),1,"0000001",Holidays!A:A)+hour(M34+S$7-$B$1)/24+minute(M34)/1440),"") -> 46093.623 | T34: 46093.545 | U34: Done | V34: =IF(B34<>0,(if(U34="Pending",if($A$2>S34,$A$2-S34,0),if(T34>S34,T34-S34,0))),"") -> 0 | W34: =IF(B34<>"",Q34,"") -> EMP0021 Tamanna Dewangan | X34: =if(S34,if(and(hour(S34+X$7)>9.5,(hour(S34+X$7)<19.5)),S34+X$7,_xlfn.workday.intl(int(S34),1,"0000001",Holidays!A:A)+hour(S34+X$7-$B$1)/24+minute(S34)/1440),"") -> 46093.728 | Y34: 46093.545 | Z34: Done | AA34: =IF(B34<>0,(if(Z34="Pending",if($AD$1>X34,$AD$1-X34,0),if(Y34>X34,Y34-X34,0))),"") -> 0 | AB34: =IF(B34<>"",W34,"") -> EMP0021 Tamanna Dewangan | AC34: =if(X34,_xlfn.WORKDAY.INTL(X34,AC$7,"0000001",Holidays!A:A)+hour(X34)/24+MINUTE(X34)/1440,"") -> 46094.727 | AD34: 46094.434 | AE34: Done | AF34: =IF(B34<>0,(if(AD34="Pending",if($A$2>AC34,$A$2-AC34,0),if(AD34>AC34,AD34-AC34,0))),"") -> 0 | AG34: =IF(B34<>"",AB34,"") -> EMP0021 Tamanna Dewangan | AH34: =if(AC34,if(and(hour(AC34+AH$7)>9.5,(hour(AC34+AH$7)<19.5)),AC34+AH$7,_xlfn.workday.intl(int(AC34),1,"0000001",Holidays!A:A)+hour(AC34+AH$7-$B$1)/24+minute(AC34)/1440),"") -> 46094.769 | AI34: 46094.509 | AJ34: Done | AK34: =IF(B34<>0,(if(AJ34="Pending",if($A$2>AH34,$A$2-AH34,0),if(AI34>AH34,AI34-AH34,0))),"") -> 0 | AL34: =IF(B34<>"",AG34,"") -> EMP0021 Tamanna Dewangan | AN34: Click Here
A35: =if($B35<>"",A34+1,"") -> 4986 | B35: 46093.451 | C35: Marksheet chnage the filter all and add collge wise | D35: SU | E35: https://drive.google.com/open?id=1OxKOYLqkTjPCGNz6ii-WWZ79g-N2yjad | G35: admin | H35: Other changes | I35: Smart-Exam | J35: Khaleshwar | L35: chnage the filter all and add collge wise | M35: =if(B35,if(and(hour(B35+M$7)>9.5,(hour(B35+M$7)<19.5)),B35+M$7,_xlfn.workday.intl(int(B35),1,"0000001",Holidays!A:A)+hour(B35+M$7-$B$1)/24+minute(B35)/1440),"") -> 46093.617 | N35: 46093.521 | O35: Done | P35: =IF(B35<>0,(if(O35="Pending",if($A$2>M35,$A$2-M35,0),if(N35>M35,N35-M35,0))),"") -> 0 | Q35: EMP5009 Rup Kumar Mandal | R35: Requirements Clear | S35: =if(M35,if(and(hour(M35+S$7)>9.5,(hour(M35+S$7)<19.5)),M35+S$7,_xlfn.workday.intl(int(M35),1,"0000001",Holidays!A:A)+hour(M35+S$7-$B$1)/24+minute(M35)/1440),"") -> 46093.624 | T35: 46093.545 | U35: Done | V35: =IF(B35<>0,(if(U35="Pending",if($A$2>S35,$A$2-S35,0),if(T35>S35,T35-S35,0))),"") -> 0 | W35: =IF(B35<>"",Q35,"") -> EMP5009 Rup Kumar Mandal | X35: =if(S35,if(and(hour(S35+X$7)>9.5,(hour(S35+X$7)<19.5)),S35+X$7,_xlfn.workday.intl(int(S35),1,"0000001",Holidays!A:A)+hour(S35+X$7-$B$1)/24+minute(S35)/1440),"") -> 46093.728 | Y35: 46093.545 | Z35: Done | AA35: =IF(B35<>0,(if(Z35="Pending",if($AD$1>X35,$AD$1-X35,0),if(Y35>X35,Y35-X35,0))),"") -> 0 | AB35: =IF(B35<>"",W35,"") -> EMP5009 Rup Kumar Mandal | AC35: =if(X35,_xlfn.WORKDAY.INTL(X35,AC$7,"0000001",Holidays!A:A)+hour(X35)/24+MINUTE(X35)/1440,"") -> 46094.728 | AD35: 46094.434 | AE35: Done | AF35: =IF(B35<>0,(if(AD35="Pending",if($A$2>AC35,$A$2-AC35,0),if(AD35>AC35,AD35-AC35,0))),"") -> 0 | AG35: =IF(B35<>"",AB35,"") -> EMP5009 Rup Kumar Mandal | AH35: =if(AC35,if(and(hour(AC35+AH$7)>9.5,(hour(AC35+AH$7)<19.5)),AC35+AH$7,_xlfn.workday.intl(int(AC35),1,"0000001",Holidays!A:A)+hour(AC35+AH$7-$B$1)/24+minute(AC35)/1440),"") -> 46094.769 | AI35: 46094.509 | AJ35: Done | AK35: =IF(B35<>0,(if(AJ35="Pending",if($A$2>AH35,$A$2-AH35,0),if(AI35>AH35,AI35-AH35,0))),"") -> 0 | AL35: =IF(B35<>"",AG35,"") -> EMP5009 Rup Kumar Mandal | AN35: Click Here
A36: =if($B36<>"",A35+1,"") -> 4987 | B36: 46093.451 | C36: Marksheet OLD chnage the filter all and add collge wise | D36: SU | E36: https://drive.google.com/open?id=1sM8I913yQcZCfTD53z338uYsIlAKxQ6g | G36: Adin | H36: Other changes | I36: Smart-Exam | J36: Khaleshwar | L36: chnage the filter all and add collge wise | M36: =if(B36,if(and(hour(B36+M$7)>9.5,(hour(B36+M$7)<19.5)),B36+M$7,_xlfn.workday.intl(int(B36),1,"0000001",Holidays!A:A)+hour(B36+M$7-$B$1)/24+minute(B36)/1440),"") -> 46093.618 | N36: 46093.521 | O36: Done | P36: =IF(B36<>0,(if(O36="Pending",if($A$2>M36,$A$2-M36,0),if(N36>M36,N36-M36,0))),"") -> 0 | Q36: EMP5009 Rup Kumar Mandal | R36: Requirements Clear | S36: =if(M36,if(and(hour(M36+S$7)>9.5,(hour(M36+S$7)<19.5)),M36+S$7,_xlfn.workday.intl(int(M36),1,"0000001",Holidays!A:A)+hour(M36+S$7-$B$1)/24+minute(M36)/1440),"") -> 46093.625 | T36: 46093.545 | U36: Done | V36: =IF(B36<>0,(if(U36="Pending",if($A$2>S36,$A$2-S36,0),if(T36>S36,T36-S36,0))),"") -> 0 | W36: =IF(B36<>"",Q36,"") -> EMP5009 Rup Kumar Mandal | X36: =if(S36,if(and(hour(S36+X$7)>9.5,(hour(S36+X$7)<19.5)),S36+X$7,_xlfn.workday.intl(int(S36),1,"0000001",Holidays!A:A)+hour(S36+X$7-$B$1)/24+minute(S36)/1440),"") -> 46093.729 | Y36: 46093.545 | Z36: Done | AA36: =IF(B36<>0,(if(Z36="Pending",if($AD$1>X36,$AD$1-X36,0),if(Y36>X36,Y36-X36,0))),"") -> 0 | AB36: =IF(B36<>"",W36,"") -> EMP5009 Rup Kumar Mandal | AC36: =if(X36,_xlfn.WORKDAY.INTL(X36,AC$7,"0000001",Holidays!A:A)+hour(X36)/24+MINUTE(X36)/1440,"") -> 46094.728 | AD36: 46094.434 | AE36: Done | AF36: =IF(B36<>0,(if(AD36="Pending",if($A$2>AC36,$A$2-AC36,0),if(AD36>AC36,AD36-AC36,0))),"") -> 0 | AG36: =IF(B36<>"",AB36,"") -> EMP5009 Rup Kumar Mandal | AH36: =if(AC36,if(and(hour(AC36+AH$7)>9.5,(hour(AC36+AH$7)<19.5)),AC36+AH$7,_xlfn.workday.intl(int(AC36),1,"0000001",Holidays!A:A)+hour(AC36+AH$7-$B$1)/24+minute(AC36)/1440),"") -> 46094.77 | AI36: 46094.509 | AJ36: Done | AK36: =IF(B36<>0,(if(AJ36="Pending",if($A$2>AH36,$A$2-AH36,0),if(AI36>AH36,AI36-AH36,0))),"") -> 0 | AL36: =IF(B36<>"",AG36,"") -> EMP5009 Rup Kumar Mandal | AN36: Click Here
A37: =if($B37<>"",A36+1,"") -> 4988 | B37: 46093.452 | C37: Marksheet New chnage the filter all and add collge wise | D37: SU | E37: https://drive.google.com/open?id=1WfHtC_Q4_PAjysD5RQMDkZoVEvV1LE7_ | G37: admin | H37: Other changes | I37: Smart-Exam | J37: Khaleshwar | L37: chnage the filter all and add collge wise | M37: =if(B37,if(and(hour(B37+M$7)>9.5,(hour(B37+M$7)<19.5)),B37+M$7,_xlfn.workday.intl(int(B37),1,"0000001",Holidays!A:A)+hour(B37+M$7-$B$1)/24+minute(B37)/1440),"") -> 46093.619 | N37: 46093.521 | O37: Done | P37: =IF(B37<>0,(if(O37="Pending",if($A$2>M37,$A$2-M37,0),if(N37>M37,N37-M37,0))),"") -> 0 | Q37: EMP5009 Rup Kumar Mandal | R37: Requirements Clear | S37: =if(M37,if(and(hour(M37+S$7)>9.5,(hour(M37+S$7)<19.5)),M37+S$7,_xlfn.workday.intl(int(M37),1,"0000001",Holidays!A:A)+hour(M37+S$7-$B$1)/24+minute(M37)/1440),"") -> 46093.625 | T37: 46093.545 | U37: Done | V37: =IF(B37<>0,(if(U37="Pending",if($A$2>S37,$A$2-S37,0),if(T37>S37,T37-S37,0))),"") -> 0 | W37: =IF(B37<>"",Q37,"") -> EMP5009 Rup Kumar Mandal | X37: =if(S37,if(and(hour(S37+X$7)>9.5,(hour(S37+X$7)<19.5)),S37+X$7,_xlfn.workday.intl(int(S37),1,"0000001",Holidays!A:A)+hour(S37+X$7-$B$1)/24+minute(S37)/1440),"") -> 46093.73 | Y37: 46093.545 | Z37: Done | AA37: =IF(B37<>0,(if(Z37="Pending",if($AD$1>X37,$AD$1-X37,0),if(Y37>X37,Y37-X37,0))),"") -> 0 | AB37: =IF(B37<>"",W37,"") -> EMP5009 Rup Kumar Mandal | AC37: =if(X37,_xlfn.WORKDAY.INTL(X37,AC$7,"0000001",Holidays!A:A)+hour(X37)/24+MINUTE(X37)/1440,"") -> 46094.729 | AD37: 46094.434 | AE37: Done | AF37: =IF(B37<>0,(if(AD37="Pending",if($A$2>AC37,$A$2-AC37,0),if(AD37>AC37,AD37-AC37,0))),"") -> 0 | AG37: =IF(B37<>"",AB37,"") -> EMP5009 Rup Kumar Mandal | AH37: =if(AC37,if(and(hour(AC37+AH$7)>9.5,(hour(AC37+AH$7)<19.5)),AC37+AH$7,_xlfn.workday.intl(int(AC37),1,"0000001",Holidays!A:A)+hour(AC37+AH$7-$B$1)/24+minute(AC37)/1440),"") -> 46094.771 | AI37: 46094.509 | AJ37: Done | AK37: =IF(B37<>0,(if(AJ37="Pending",if($A$2>AH37,$A$2-AH37,0),if(AI37>AH37,AI37-AH37,0))),"") -> 0 | AL37: =IF(B37<>"",AG37,"") -> EMP5009 Rup Kumar Mandal | AN37: Click Here
A38: =if($B38<>"",A37+1,"") -> 4989 | B38: 46093.52 | C38: Student enrooment report | D38: SU | E38: https://drive.google.com/open?id=1Y8MEkSA6nNUW13nJCphy4DUI0faqn9-p | G38: admin | H38: Other changes | I38: Other | J38: Khaleshwar | L38: Plsae add the new collum in these exel BTACH | M38: =if(B38,if(and(hour(B38+M$7)>9.5,(hour(B38+M$7)<19.5)),B38+M$7,_xlfn.workday.intl(int(B38),1,"0000001",Holidays!A:A)+hour(B38+M$7-$B$1)/24+minute(B38)/1440),"") -> 46093.687 | N38: 46093.521 | O38: Done | P38: =IF(B38<>0,(if(O38="Pending",if($A$2>M38,$A$2-M38,0),if(N38>M38,N38-M38,0))),"") -> 0 | Q38: EMP5009 Rup Kumar Mandal | R38: Requirements Clear | S38: =if(M38,if(and(hour(M38+S$7)>9.5,(hour(M38+S$7)<19.5)),M38+S$7,_xlfn.workday.intl(int(M38),1,"0000001",Holidays!A:A)+hour(M38+S$7-$B$1)/24+minute(M38)/1440),"") -> 46093.694 | T38: 46093.545 | U38: Done | V38: =IF(B38<>0,(if(U38="Pending",if($A$2>S38,$A$2-S38,0),if(T38>S38,T38-S38,0))),"") -> 0 | W38: =IF(B38<>"",Q38,"") -> EMP5009 Rup Kumar Mandal | X38: =if(S38,if(and(hour(S38+X$7)>9.5,(hour(S38+X$7)<19.5)),S38+X$7,_xlfn.workday.intl(int(S38),1,"0000001",Holidays!A:A)+hour(S38+X$7-$B$1)/24+minute(S38)/1440),"") -> 46093.798 | Y38: 46093.545 | Z38: Done | AA38: =IF(B38<>0,(if(Z38="Pending",if($AD$1>X38,$AD$1-X38,0),if(Y38>X38,Y38-X38,0))),"") -> 0 | AB38: =IF(B38<>"",W38,"") -> EMP5009 Rup Kumar Mandal | AC38: =if(X38,_xlfn.WORKDAY.INTL(X38,AC$7,"0000001",Holidays!A:A)+hour(X38)/24+MINUTE(X38)/1440,"") -> 46094.798 | AD38: 46094.434 | AE38: Done | AF38: =IF(B38<>0,(if(AD38="Pending",if($A$2>AC38,$A$2-AC38,0),if(AD38>AC38,AD38-AC38,0))),"") -> 0 | AG38: =IF(B38<>"",AB38,"") -> EMP5009 Rup Kumar Mandal | AH38: =if(AC38,if(and(hour(AC38+AH$7)>9.5,(hour(AC38+AH$7)<19.5)),AC38+AH$7,_xlfn.workday.intl(int(AC38),1,"0000001",Holidays!A:A)+hour(AC38+AH$7-$B$1)/24+minute(AC38)/1440),"") -> 46095.423 | AI38: 46094.636 | AJ38: Done | AK38: =IF(B38<>0,(if(AJ38="Pending",if($A$2>AH38,$A$2-AH38,0),if(AI38>AH38,AI38-AH38,0))),"") -> 0 | AL38: =IF(B38<>"",AG38,"") -> EMP5009 Rup Kumar Mandal | AN38: Click Here
A39: =if($B39<>"",A38+1,"") -> 4990 | B39: 46093.554 | C39: Award Sheet Locked/Blank BMDCEM-201 - Baba Mohan Das College of Education, Motla Kalan, Rewari. PG MASTER OF EDUCATION ( M.ED) First Semester ( Sem - 1) Sessional Blank ENROLLMENTFORM_SE21 | D39: igu | E39: https://drive.google.com/open?id=1XzNltjJcfAhjTv0H4wP6VF3DasqQN7QS | G39: Award Sheet (Internal Assessment) Not Downloading M.Ed. 1st & 3rd Semester Session 2025- 26 | H39: Report not downloading | I39: Smart-Exam | J39: chintu singh | L39: Award Sheet (Internal Assessment) Not Downloading M.Ed. 1st & 3rd Semester Session 2025- 26 | M39: =if(B39,if(and(hour(B39+M$7)>9.5,(hour(B39+M$7)<19.5)),B39+M$7,_xlfn.workday.intl(int(B39),1,"0000001",Holidays!A:A)+hour(B39+M$7-$B$1)/24+minute(B39)/1440),"") -> 46093.721 | N39: 46093.582 | O39: Done | P39: =IF(B39<>0,(if(O39="Pending",if($A$2>M39,$A$2-M39,0),if(N39>M39,N39-M39,0))),"") -> 0 | Q39: EMP0021 Tamanna Dewangan | R39: Requirements Clear | S39: =if(M39,if(and(hour(M39+S$7)>9.5,(hour(M39+S$7)<19.5)),M39+S$7,_xlfn.workday.intl(int(M39),1,"0000001",Holidays!A:A)+hour(M39+S$7-$B$1)/24+minute(M39)/1440),"") -> 46093.728 | T39: 46093.582 | U39: Done | V39: =IF(B39<>0,(if(U39="Pending",if($A$2>S39,$A$2-S39,0),if(T39>S39,T39-S39,0))),"") -> 0 | W39: =IF(B39<>"",Q39,"") -> EMP0021 Tamanna Dewangan | X39: =if(S39,if(and(hour(S39+X$7)>9.5,(hour(S39+X$7)<19.5)),S39+X$7,_xlfn.workday.intl(int(S39),1,"0000001",Holidays!A:A)+hour(S39+X$7-$B$1)/24+minute(S39)/1440),"") -> 46093.832 | Y39: 46093.689 | Z39: Done | AA39: =IF(B39<>0,(if(Z39="Pending",if($AD$1>X39,$AD$1-X39,0),if(Y39>X39,Y39-X39,0))),"") -> 0 | AB39: =IF(B39<>"",W39,"") -> EMP0021 Tamanna Dewangan | AC39: =if(X39,_xlfn.WORKDAY.INTL(X39,AC$7,"0000001",Holidays!A:A)+hour(X39)/24+MINUTE(X39)/1440,"") -> 46094.832 | AD39: 46093.689 | AE39: Done | AF39: =IF(B39<>0,(if(AD39="Pending",if($A$2>AC39,$A$2-AC39,0),if(AD39>AC39,AD39-AC39,0))),"") -> 0 | AG39: =IF(B39<>"",AB39,"") -> EMP0021 Tamanna Dewangan | AH39: =if(AC39,if(and(hour(AC39+AH$7)>9.5,(hour(AC39+AH$7)<19.5)),AC39+AH$7,_xlfn.workday.intl(int(AC39),1,"0000001",Holidays!A:A)+hour(AC39+AH$7-$B$1)/24+minute(AC39)/1440),"") -> 46095.457 | AI39: 46093.762 | AJ39: Done | AK39: =IF(B39<>0,(if(AJ39="Pending",if($A$2>AH39,$A$2-AH39,0),if(AI39>AH39,AI39-AH39,0))),"") -> 0 | AL39: =IF(B39<>"",AG39,"") -> EMP0021 Tamanna Dewangan | AN39: Click Here
A40: =if($B40<>"",A39+1,"") -> 4991 | B40: 46093.569 | C40: CERTIFICATE | D40: GNSU | E40: https://drive.google.com/open?id=1dTVgOvo2Ge5U3Ia2kZCUTap2iAe7gSvv | F40: https://drive.google.com/open?id=1buZH2sqopta4MkdCydsD9j0qIxs8Luyr | G40: Final Certificate Sixth Semester ( 6th Sem) UG B.Sc. in Medical Radiology and Imaging Technology ( BMRIT)_SE13 | H40: Report not downloading | I40: Smart-Exam | J40: DEEPAK KAYAL | L40: PLEASE UPDATE DIVISION FROM PASSOUTDATA TABLE | M40: =if(B40,if(and(hour(B40+M$7)>9.5,(hour(B40+M$7)<19.5)),B40+M$7,_xlfn.workday.intl(int(B40),1,"0000001",Holidays!A:A)+hour(B40+M$7-$B$1)/24+minute(B40)/1440),"") -> 46093.736 | N40: 46093.582 | O40: Done | P40: =IF(B40<>0,(if(O40="Pending",if($A$2>M40,$A$2-M40,0),if(N40>M40,N40-M40,0))),"") -> 0 | Q40: EMP0042 HULESHWAR KUMAR SAHU | R40: Requirements Clear | S40: =if(M40,if(and(hour(M40+S$7)>9.5,(hour(M40+S$7)<19.5)),M40+S$7,_xlfn.workday.intl(int(M40),1,"0000001",Holidays!A:A)+hour(M40+S$7-$B$1)/24+minute(M40)/1440),"") -> 46093.743 | T40: 46093.582 | U40: Done | V40: =IF(B40<>0,(if(U40="Pending",if($A$2>S40,$A$2-S40,0),if(T40>S40,T40-S40,0))),"") -> 0 | W40: =IF(B40<>"",Q40,"") -> EMP0042 HULESHWAR KUMAR SAHU | X40: =if(S40,if(and(hour(S40+X$7)>9.5,(hour(S40+X$7)<19.5)),S40+X$7,_xlfn.workday.intl(int(S40),1,"0000001",Holidays!A:A)+hour(S40+X$7-$B$1)/24+minute(S40)/1440),"") -> 46094.451 | Y40: 46093.677 | Z40: Done | AA40: =IF(B40<>0,(if(Z40="Pending",if($AD$1>X40,$AD$1-X40,0),if(Y40>X40,Y40-X40,0))),"") -> 0 | AB40: =IF(B40<>"",W40,"") -> EMP0042 HULESHWAR KUMAR SAHU | AC40: =if(X40,_xlfn.WORKDAY.INTL(X40,AC$7,"0000001",Holidays!A:A)+hour(X40)/24+MINUTE(X40)/1440,"") -> 46095.451 | AD40: 46093.762 | AE40: Done | AF40: =IF(B40<>0,(if(AD40="Pending",if($A$2>AC40,$A$2-AC40,0),if(AD40>AC40,AD40-AC40,0))),"") -> 0 | AG40: =IF(B40<>"",AB40,"") -> EMP0042 HULESHWAR KUMAR SAHU | AH40: =if(AC40,if(and(hour(AC40+AH$7)>9.5,(hour(AC40+AH$7)<19.5)),AC40+AH$7,_xlfn.workday.intl(int(AC40),1,"0000001",Holidays!A:A)+hour(AC40+AH$7-$B$1)/24+minute(AC40)/1440),"") -> 46095.492 | AI40: 46093.762 | AJ40: Done | AK40: =IF(B40<>0,(if(AJ40="Pending",if($A$2>AH40,$A$2-AH40,0),if(AI40>AH40,AI40-AH40,0))),"") -> 0 | AL40: =IF(B40<>"",AG40,"") -> EMP0042 HULESHWAR KUMAR SAHU | AN40: Click Here
A41: =if($B41<>"",A40+1,"") -> 4992 | B41: 46093.645 | C41: PROVISIONAL CERTIFICATE | D41: JMI | E41: https://drive.google.com/open?id=1ajtRYS6Jd9HRJbuxCkKy5GGlu7Ts3RTW | F41: https://drive.google.com/open?id=1D4G-gIvzOLKH3C1DnEpFatRM3Vnvkcx5 | G41: OBTAINED MARKS IS GREATER THAN MAXIMUM MARKS. | H41: Other changes | I41: UCanApply | J41: VIRENDRA KUMAR | L41: OBTAINED MARKS IS GREATER THAN MAXIMUM MARKS. | M41: =if(B41,if(and(hour(B41+M$7)>9.5,(hour(B41+M$7)<19.5)),B41+M$7,_xlfn.workday.intl(int(B41),1,"0000001",Holidays!A:A)+hour(B41+M$7-$B$1)/24+minute(B41)/1440),"") -> 46093.812 | N41: 46093.669 | O41: Done | P41: =IF(B41<>0,(if(O41="Pending",if($A$2>M41,$A$2-M41,0),if(N41>M41,N41-M41,0))),"") -> 0 | Q41: EMP0237 Swarnendu Chakraborty | R41: Requirements Clear | S41: =if(M41,if(and(hour(M41+S$7)>9.5,(hour(M41+S$7)<19.5)),M41+S$7,_xlfn.workday.intl(int(M41),1,"0000001",Holidays!A:A)+hour(M41+S$7-$B$1)/24+minute(M41)/1440),"") -> 46093.819 | T41: 46093.677 | U41: Done | V41: =IF(B41<>0,(if(U41="Pending",if($A$2>S41,$A$2-S41,0),if(T41>S41,T41-S41,0))),"") -> 0 | W41: =IF(B41<>"",Q41,"") -> EMP0237 Swarnendu Chakraborty | X41: =if(S41,if(and(hour(S41+X$7)>9.5,(hour(S41+X$7)<19.5)),S41+X$7,_xlfn.workday.intl(int(S41),1,"0000001",Holidays!A:A)+hour(S41+X$7-$B$1)/24+minute(S41)/1440),"") -> 46094.527 | Y41: 46094.452 | Z41: Done | AA41: =IF(B41<>0,(if(Z41="Pending",if($AD$1>X41,$AD$1-X41,0),if(Y41>X41,Y41-X41,0))),"") -> 0 | AB41: =IF(B41<>"",W41,"") -> EMP0237 Swarnendu Chakraborty | AC41: =if(X41,_xlfn.WORKDAY.INTL(X41,AC$7,"0000001",Holidays!A:A)+hour(X41)/24+MINUTE(X41)/1440,"") -> 46095.527 | AD41: 46094.454 | AE41: Done | AF41: =IF(B41<>0,(if(AD41="Pending",if($A$2>AC41,$A$2-AC41,0),if(AD41>AC41,AD41-AC41,0))),"") -> 0 | AG41: =IF(B41<>"",AB41,"") -> EMP0237 Swarnendu Chakraborty | AH41: =if(AC41,if(and(hour(AC41+AH$7)>9.5,(hour(AC41+AH$7)<19.5)),AC41+AH$7,_xlfn.workday.intl(int(AC41),1,"0000001",Holidays!A:A)+hour(AC41+AH$7-$B$1)/24+minute(AC41)/1440),"") -> 46095.569 | AI41: 46094.454 | AJ41: Done | AK41: =IF(B41<>0,(if(AJ41="Pending",if($A$2>AH41,$A$2-AH41,0),if(AI41>AH41,AI41-AH41,0))),"") -> 0 | AL41: =IF(B41<>"",AG41,"") -> EMP0237 Swarnendu Chakraborty | AN41: Click Here
A42: =if($B42<>"",A41+1,"") -> 4993 | B42: 46093.726 | C42: 3152 | D42: MZU | E42: https://drive.google.com/open?id=1i7GU4WPlvNfFvimjcNgS-h0p9hHqXHdt | G42: previous all | H42: Change in logic, Change in design | I42: Smart-Exam | J42: Somen parui | L42: Discu s with rup | M42: =if(B42,if(and(hour(B42+M$7)>9.5,(hour(B42+M$7)<19.5)),B42+M$7,_xlfn.workday.intl(int(B42),1,"0000001",Holidays!A:A)+hour(B42+M$7-$B$1)/24+minute(B42)/1440),"") -> 46094.476 | N42: 46093.75 | O42: Done | P42: =IF(B42<>0,(if(O42="Pending",if($A$2>M42,$A$2-M42,0),if(N42>M42,N42-M42,0))),"") -> 0 | Q42: EMP5009 Rup Kumar Mandal | R42: Requirements Clear | S42: =if(M42,if(and(hour(M42+S$7)>9.5,(hour(M42+S$7)<19.5)),M42+S$7,_xlfn.workday.intl(int(M42),1,"0000001",Holidays!A:A)+hour(M42+S$7-$B$1)/24+minute(M42)/1440),"") -> 46094.483 | T42: 46093.75 | U42: Done | V42: =IF(B42<>0,(if(U42="Pending",if($A$2>S42,$A$2-S42,0),if(T42>S42,T42-S42,0))),"") -> 0 | W42: =IF(B42<>"",Q42,"") -> EMP5009 Rup Kumar Mandal | X42: =if(S42,if(and(hour(S42+X$7)>9.5,(hour(S42+X$7)<19.5)),S42+X$7,_xlfn.workday.intl(int(S42),1,"0000001",Holidays!A:A)+hour(S42+X$7-$B$1)/24+minute(S42)/1440),"") -> 46094.588 | Y42: 46093.75 | Z42: Done | AA42: =IF(B42<>0,(if(Z42="Pending",if($AD$1>X42,$AD$1-X42,0),if(Y42>X42,Y42-X42,0))),"") -> 0 | AB42: =IF(B42<>"",W42,"") -> EMP5009 Rup Kumar Mandal | AC42: =if(X42,_xlfn.WORKDAY.INTL(X42,AC$7,"0000001",Holidays!A:A)+hour(X42)/24+MINUTE(X42)/1440,"") -> 46095.588 | AD42: 46093.75 | AE42: Done | AF42: =IF(B42<>0,(if(AD42="Pending",if($A$2>AC42,$A$2-AC42,0),if(AD42>AC42,AD42-AC42,0))),"") -> 0 | AG42: =IF(B42<>"",AB42,"") -> EMP5009 Rup Kumar Mandal | AH42: =if(AC42,if(and(hour(AC42+AH$7)>9.5,(hour(AC42+AH$7)<19.5)),AC42+AH$7,_xlfn.workday.intl(int(AC42),1,"0000001",Holidays!A:A)+hour(AC42+AH$7-$B$1)/24+minute(AC42)/1440),"") -> 46095.629 | AI42: 46094.455 | AJ42: Done | AK42: =IF(B42<>0,(if(AJ42="Pending",if($A$2>AH42,$A$2-AH42,0),if(AI42>AH42,AI42-AH42,0))),"") -> 0 | AL42: =IF(B42<>"",AG42,"") -> EMP5009 Rup Kumar Mandal | AN42: Click Here
A43: =if($B43<>"",A42+1,"") -> 4994 | B43: 46093.735 | C43: TR REPORT | D43: HYU DURG | E43: https://drive.google.com/open?id=189EyqeomMlJ0q6j0VurZrBMYNmS_-KaA | F43: https://drive.google.com/open?id=1cL0Qv7EhJd7V1zoBXG0DsxUlzQqBaL9x | G43: COLLEGE/COURSE | H43: Other changes | I43: Smart-Exam | J43: AMIT KUMAR YADU | L43: LLB 6TH TR'S ATKT ATTEMPT NOT SHOWING | M43: =if(B43,if(and(hour(B43+M$7)>9.5,(hour(B43+M$7)<19.5)),B43+M$7,_xlfn.workday.intl(int(B43),1,"0000001",Holidays!A:A)+hour(B43+M$7-$B$1)/24+minute(B43)/1440),"") -> 46094.484 | N43: 46093.75 | O43: Done | P43: =IF(B43<>0,(if(O43="Pending",if($A$2>M43,$A$2-M43,0),if(N43>M43,N43-M43,0))),"") -> 0 | Q43: EMP5009 Rup Kumar Mandal | R43: Requirements Clear | S43: =if(M43,if(and(hour(M43+S$7)>9.5,(hour(M43+S$7)<19.5)),M43+S$7,_xlfn.workday.intl(int(M43),1,"0000001",Holidays!A:A)+hour(M43+S$7-$B$1)/24+minute(M43)/1440),"") -> 46094.491 | T43: 46093.75 | U43: Done | V43: =IF(B43<>0,(if(U43="Pending",if($A$2>S43,$A$2-S43,0),if(T43>S43,T43-S43,0))),"") -> 0 | W43: =IF(B43<>"",Q43,"") -> EMP5009 Rup Kumar Mandal | X43: =if(S43,if(and(hour(S43+X$7)>9.5,(hour(S43+X$7)<19.5)),S43+X$7,_xlfn.workday.intl(int(S43),1,"0000001",Holidays!A:A)+hour(S43+X$7-$B$1)/24+minute(S43)/1440),"") -> 46094.595 | Y43: 46093.75 | Z43: Done | AA43: =IF(B43<>0,(if(Z43="Pending",if($AD$1>X43,$AD$1-X43,0),if(Y43>X43,Y43-X43,0))),"") -> 0 | AB43: =IF(B43<>"",W43,"") -> EMP5009 Rup Kumar Mandal | AC43: =if(X43,_xlfn.WORKDAY.INTL(X43,AC$7,"0000001",Holidays!A:A)+hour(X43)/24+MINUTE(X43)/1440,"") -> 46095.595 | AD43: 46093.75 | AE43: Done | AF43: =IF(B43<>0,(if(AD43="Pending",if($A$2>AC43,$A$2-AC43,0),if(AD43>AC43,AD43-AC43,0))),"") -> 0 | AG43: =IF(B43<>"",AB43,"") -> EMP5009 Rup Kumar Mandal | AH43: =if(AC43,if(and(hour(AC43+AH$7)>9.5,(hour(AC43+AH$7)<19.5)),AC43+AH$7,_xlfn.workday.intl(int(AC43),1,"0000001",Holidays!A:A)+hour(AC43+AH$7-$B$1)/24+minute(AC43)/1440),"") -> 46095.637 | AI43: 46094.455 | AJ43: Done | AK43: =IF(B43<>0,(if(AJ43="Pending",if($A$2>AH43,$A$2-AH43,0),if(AI43>AH43,AI43-AH43,0))),"") -> 0 | AL43: =IF(B43<>"",AG43,"") -> EMP5009 Rup Kumar Mandal | AN43: Click Here
A44: =if($B44<>"",A43+1,"") -> 4995 | B44: 46094.446 | C44: TR | D44: SMKV | E44: https://drive.google.com/open?id=1veGKbscRXN4SgdfDK6foyrljxmze4Gp7 | G44: course | H44: Change in logic | I44: Smart-Exam | J44: Rohit Singh | L44: please do this | M44: =if(B44,if(and(hour(B44+M$7)>9.5,(hour(B44+M$7)<19.5)),B44+M$7,_xlfn.workday.intl(int(B44),1,"0000001",Holidays!A:A)+hour(B44+M$7-$B$1)/24+minute(B44)/1440),"") -> 46094.612 | N44: 46094.477 | O44: Done | P44: =IF(B44<>0,(if(O44="Pending",if($A$2>M44,$A$2-M44,0),if(N44>M44,N44-M44,0))),"") -> 0 | Q44: EMP0042 HULESHWAR KUMAR SAHU | R44: Requirements Clear | S44: =if(M44,if(and(hour(M44+S$7)>9.5,(hour(M44+S$7)<19.5)),M44+S$7,_xlfn.workday.intl(int(M44),1,"0000001",Holidays!A:A)+hour(M44+S$7-$B$1)/24+minute(M44)/1440),"") -> 46094.619 | T44: 46094.477 | U44: Done | V44: =IF(B44<>0,(if(U44="Pending",if($A$2>S44,$A$2-S44,0),if(T44>S44,T44-S44,0))),"") -> 0 | W44: =IF(B44<>"",Q44,"") -> EMP0042 HULESHWAR KUMAR SAHU | X44: =if(S44,if(and(hour(S44+X$7)>9.5,(hour(S44+X$7)<19.5)),S44+X$7,_xlfn.workday.intl(int(S44),1,"0000001",Holidays!A:A)+hour(S44+X$7-$B$1)/24+minute(S44)/1440),"") -> 46094.723 | Y44: 46094.477 | Z44: Done | AA44: =IF(B44<>0,(if(Z44="Pending",if($AD$1>X44,$AD$1-X44,0),if(Y44>X44,Y44-X44,0))),"") -> 0 | AB44: =IF(B44<>"",W44,"") -> EMP0042 HULESHWAR KUMAR SAHU | AC44: =if(X44,_xlfn.WORKDAY.INTL(X44,AC$7,"0000001",Holidays!A:A)+hour(X44)/24+MINUTE(X44)/1440,"") -> 46095.723 | AD44: 46094.508 | AE44: Done | AF44: =IF(B44<>0,(if(AD44="Pending",if($A$2>AC44,$A$2-AC44,0),if(AD44>AC44,AD44-AC44,0))),"") -> 0 | AG44: =IF(B44<>"",AB44,"") -> EMP0042 HULESHWAR KUMAR SAHU | AH44: =if(AC44,if(and(hour(AC44+AH$7)>9.5,(hour(AC44+AH$7)<19.5)),AC44+AH$7,_xlfn.workday.intl(int(AC44),1,"0000001",Holidays!A:A)+hour(AC44+AH$7-$B$1)/24+minute(AC44)/1440),"") -> 46095.765 | AI44: 46094.509 | AJ44: Done | AK44: =IF(B44<>0,(if(AJ44="Pending",if($A$2>AH44,$A$2-AH44,0),if(AI44>AH44,AI44-AH44,0))),"") -> 0 | AL44: =IF(B44<>"",AG44,"") -> EMP0042 HULESHWAR KUMAR SAHU | AN44: Click Here
A45: =if($B45<>"",A44+1,"") -> 4996 | B45: 46094.489 | C45: RESULT DATA | D45: CBLU | E45: https://drive.google.com/open?id=1-6jr6KEVCyMAp29mgEVAPRX-cd2KgDPy | G45: COURSE | H45: Change in logic | I45: Smart-Exam | J45: DHIRAJ KUMAR | L45: RESULT DATA ADD 3 EXTRA FEILD | M45: =if(B45,if(and(hour(B45+M$7)>9.5,(hour(B45+M$7)<19.5)),B45+M$7,_xlfn.workday.intl(int(B45),1,"0000001",Holidays!A:A)+hour(B45+M$7-$B$1)/24+minute(B45)/1440),"") -> 46094.656 | N45: 46094.508 | O45: Done | P45: =IF(B45<>0,(if(O45="Pending",if($A$2>M45,$A$2-M45,0),if(N45>M45,N45-M45,0))),"") -> 0 | Q45: EMP5009 Rup Kumar Mandal | R45: Requirements Clear | S45: =if(M45,if(and(hour(M45+S$7)>9.5,(hour(M45+S$7)<19.5)),M45+S$7,_xlfn.workday.intl(int(M45),1,"0000001",Holidays!A:A)+hour(M45+S$7-$B$1)/24+minute(M45)/1440),"") -> 46094.663 | T45: 46094.509 | U45: Done | V45: =IF(B45<>0,(if(U45="Pending",if($A$2>S45,$A$2-S45,0),if(T45>S45,T45-S45,0))),"") -> 0 | W45: =IF(B45<>"",Q45,"") -> EMP5009 Rup Kumar Mandal | X45: =if(S45,if(and(hour(S45+X$7)>9.5,(hour(S45+X$7)<19.5)),S45+X$7,_xlfn.workday.intl(int(S45),1,"0000001",Holidays!A:A)+hour(S45+X$7-$B$1)/24+minute(S45)/1440),"") -> 46094.767 | Y45: 46094.509 | Z45: Done | AA45: =IF(B45<>0,(if(Z45="Pending",if($AD$1>X45,$AD$1-X45,0),if(Y45>X45,Y45-X45,0))),"") -> 0 | AB45: =IF(B45<>"",W45,"") -> EMP5009 Rup Kumar Mandal | AC45: =if(X45,_xlfn.WORKDAY.INTL(X45,AC$7,"0000001",Holidays!A:A)+hour(X45)/24+MINUTE(X45)/1440,"") -> 46095.767 | AD45: 46094.636 | AE45: Done | AF45: =IF(B45<>0,(if(AD45="Pending",if($A$2>AC45,$A$2-AC45,0),if(AD45>AC45,AD45-AC45,0))),"") -> 0 | AG45: =IF(B45<>"",AB45,"") -> EMP5009 Rup Kumar Mandal | AH45: 46097.475 | AI45: 46095.445 | AJ45: Done | AK45: =IF(B45<>0,(if(AJ45="Pending",if($A$2>AH45,$A$2-AH45,0),if(AI45>AH45,AI45-AH45,0))),"") -> 0 | AL45: =IF(B45<>"",AG45,"") -> EMP5009 Rup Kumar Mandal | AN45: Click Here
A46: =if($B46<>"",A45+1,"") -> 4997 | B46: 46094.522 | C46: Admit card | D46: SKS International University | E46: https://drive.google.com/open?id=1_7vrffMJXSgF8zGgZfU1xFbWEjK2zroZ | F46: https://drive.google.com/open?id=14koaHwmYqQa62dl1HdQ__hxOaLp_8u_o | G46: Course | H46: Other changes | I46: Smart-Exam | J46: Rajesh Gupta | L46: Please check the BAMS admit card Practical exam details not show | M46: =if(B46,if(and(hour(B46+M$7)>9.5,(hour(B46+M$7)<19.5)),B46+M$7,_xlfn.workday.intl(int(B46),1,"0000001",Holidays!A:A)+hour(B46+M$7-$B$1)/24+minute(B46)/1440),"") -> 46094.689 | N46: 46094.562 | O46: Done | P46: =IF(B46<>0,(if(O46="Pending",if($A$2>M46,$A$2-M46,0),if(N46>M46,N46-M46,0))),"") -> 0 | Q46: EMP5009 Rup Kumar Mandal | R46: Requirements Clear | S46: =if(M46,if(and(hour(M46+S$7)>9.5,(hour(M46+S$7)<19.5)),M46+S$7,_xlfn.workday.intl(int(M46),1,"0000001",Holidays!A:A)+hour(M46+S$7-$B$1)/24+minute(M46)/1440),"") -> 46094.696 | T46: 46094.562 | U46: Done | V46: =IF(B46<>0,(if(U46="Pending",if($A$2>S46,$A$2-S46,0),if(T46>S46,T46-S46,0))),"") -> 0 | W46: =IF(B46<>"",Q46,"") -> EMP5009 Rup Kumar Mandal | X46: =if(S46,if(and(hour(S46+X$7)>9.5,(hour(S46+X$7)<19.5)),S46+X$7,_xlfn.workday.intl(int(S46),1,"0000001",Holidays!A:A)+hour(S46+X$7-$B$1)/24+minute(S46)/1440),"") -> 46094.8 | Y46: 46094.562 | Z46: Done | AA46: =IF(B46<>0,(if(Z46="Pending",if($AD$1>X46,$AD$1-X46,0),if(Y46>X46,Y46-X46,0))),"") -> 0 | AB46: =IF(B46<>"",W46,"") -> EMP5009 Rup Kumar Mandal | AC46: =if(X46,_xlfn.WORKDAY.INTL(X46,AC$7,"0000001",Holidays!A:A)+hour(X46)/24+MINUTE(X46)/1440,"") -> 46095.799 | AD46: 46094.635 | AE46: Done | AF46: =IF(B46<>0,(if(AD46="Pending",if($A$2>AC46,$A$2-AC46,0),if(AD46>AC46,AD46-AC46,0))),"") -> 0 | AG46: =IF(B46<>"",AB46,"") -> EMP5009 Rup Kumar Mandal | AH46: =if(AC46,if(and(hour(AC46+AH$7)>9.5,(hour(AC46+AH$7)<19.5)),AC46+AH$7,_xlfn.workday.intl(int(AC46),1,"0000001",Holidays!A:A)+hour(AC46+AH$7-$B$1)/24+minute(AC46)/1440),"") -> 46097.424 | AI46: 46094.636 | AJ46: Done | AK46: =IF(B46<>0,(if(AJ46="Pending",if($A$2>AH46,$A$2-AH46,0),if(AI46>AH46,AI46-AH46,0))),"") -> 0 | AL46: =IF(B46<>"",AG46,"") -> EMP5009 Rup Kumar Mandal | AN46: Click Here
A47: =if($B47<>"",A46+1,"") -> 4998 | B47: 46094.524 | C47: Attendance Report | D47: SKS International University | E47: https://drive.google.com/open?id=15j6QUN8x769dDTmA8mlMah13AW5zl2sy | F47: https://drive.google.com/open?id=1DcGLKjNOjdMFgsKpjjGUEwxImNpHqmMY | G47: Course | H47: Other changes | I47: Smart-Exam | J47: Rajesh Gupta | L47: Please check the attached file I'm download the Attendance report some changes required. | M47: =if(B47,if(and(hour(B47+M$7)>9.5,(hour(B47+M$7)<19.5)),B47+M$7,_xlfn.workday.intl(int(B47),1,"0000001",Holidays!A:A)+hour(B47+M$7-$B$1)/24+minute(B47)/1440),"") -> 46094.691 | N47: 46094.562 | O47: Done | P47: =IF(B47<>0,(if(O47="Pending",if($A$2>M47,$A$2-M47,0),if(N47>M47,N47-M47,0))),"") -> 0 | Q47: EMP0237 Swarnendu Chakraborty | R47: Requirements Clear | S47: =if(M47,if(and(hour(M47+S$7)>9.5,(hour(M47+S$7)<19.5)),M47+S$7,_xlfn.workday.intl(int(M47),1,"0000001",Holidays!A:A)+hour(M47+S$7-$B$1)/24+minute(M47)/1440),"") -> 46094.698 | T47: 46094.563 | U47: Done | V47: =IF(B47<>0,(if(U47="Pending",if($A$2>S47,$A$2-S47,0),if(T47>S47,T47-S47,0))),"") -> 0 | W47: =IF(B47<>"",Q47,"") -> EMP0237 Swarnendu Chakraborty | X47: =if(S47,if(and(hour(S47+X$7)>9.5,(hour(S47+X$7)<19.5)),S47+X$7,_xlfn.workday.intl(int(S47),1,"0000001",Holidays!A:A)+hour(S47+X$7-$B$1)/24+minute(S47)/1440),"") -> 46094.802 | Y47: 46094.563 | Z47: Done | AA47: =IF(B47<>0,(if(Z47="Pending",if($AD$1>X47,$AD$1-X47,0),if(Y47>X47,Y47-X47,0))),"") -> 0 | AB47: =IF(B47<>"",W47,"") -> EMP0237 Swarnendu Chakraborty | AC47: 46097.468 | AD47: 46095.445 | AE47: Done | AF47: =IF(B47<>0,(if(AD47="Pending",if($A$2>AC47,$A$2-AC47,0),if(AD47>AC47,AD47-AC47,0))),"") -> 0 | AG47: =IF(B47<>"",AB47,"") -> EMP0237 Swarnendu Chakraborty | AH47: =if(AC47,if(and(hour(AC47+AH$7)>9.5,(hour(AC47+AH$7)<19.5)),AC47+AH$7,_xlfn.workday.intl(int(AC47),1,"0000001",Holidays!A:A)+hour(AC47+AH$7-$B$1)/24+minute(AC47)/1440),"") -> 46097.51 | AI47: 46095.445 | AJ47: Done | AK47: =IF(B47<>0,(if(AJ47="Pending",if($A$2>AH47,$A$2-AH47,0),if(AI47>AH47,AI47-AH47,0))),"") -> 0 | AL47: =IF(B47<>"",AG47,"") -> EMP0237 Swarnendu Chakraborty | AN47: Click Here
A48: =if($B48<>"",A47+1,"") -> 4999 | B48: 46094.668 | C48: Seating Plan | D48: SMKV Bastar | E48: https://drive.google.com/open?id=1RoimmKIMq7yesnItagUPZqHg_qH0gblr | G48: as per previous | H48: Other changes | I48: Smart-Exam | J48: Satish Kumar | L48: display in double record of the same candidates | M48: =if(B48,if(and(hour(B48+M$7)>9.5,(hour(B48+M$7)<19.5)),B48+M$7,_xlfn.workday.intl(int(B48),1,"0000001",Holidays!A:A)+hour(B48+M$7-$B$1)/24+minute(B48)/1440),"") -> 46095.418 | N48: 46094.699 | O48: Done | P48: =IF(B48<>0,(if(O48="Pending",if($A$2>M48,$A$2-M48,0),if(N48>M48,N48-M48,0))),"") -> 0 | Q48: EMP0042 HULESHWAR KUMAR SAHU | R48: Requirements Clear | S48: =if(M48,if(and(hour(M48+S$7)>9.5,(hour(M48+S$7)<19.5)),M48+S$7,_xlfn.workday.intl(int(M48),1,"0000001",Holidays!A:A)+hour(M48+S$7-$B$1)/24+minute(M48)/1440),"") -> 46095.425 | T48: 46094.563 | U48: Done | V48: =IF(B48<>0,(if(U48="Pending",if($A$2>S48,$A$2-S48,0),if(T48>S48,T48-S48,0))),"") -> 0 | W48: =IF(B48<>"",Q48,"") -> EMP0042 HULESHWAR KUMAR SAHU | X48: =if(S48,if(and(hour(S48+X$7)>9.5,(hour(S48+X$7)<19.5)),S48+X$7,_xlfn.workday.intl(int(S48),1,"0000001",Holidays!A:A)+hour(S48+X$7-$B$1)/24+minute(S48)/1440),"") -> 46095.529 | Y48: 46094.908 | Z48: Done | AA48: =IF(B48<>0,(if(Z48="Pending",if($AD$1>X48,$AD$1-X48,0),if(Y48>X48,Y48-X48,0))),"") -> 0 | AB48: =IF(B48<>"",W48,"") -> EMP0042 HULESHWAR KUMAR SAHU | AC48: =if(X48,_xlfn.WORKDAY.INTL(X48,AC$7,"0000001",Holidays!A:A)+hour(X48)/24+MINUTE(X48)/1440,"") -> 46097.529 | AD48: 46097.454 | AE48: Done | AF48: =IF(B48<>0,(if(AD48="Pending",if($A$2>AC48,$A$2-AC48,0),if(AD48>AC48,AD48-AC48,0))),"") -> 0 | AG48: =IF(B48<>"",AB48,"") -> EMP0042 HULESHWAR KUMAR SAHU | AH48: =if(AC48,if(and(hour(AC48+AH$7)>9.5,(hour(AC48+AH$7)<19.5)),AC48+AH$7,_xlfn.workday.intl(int(AC48),1,"0000001",Holidays!A:A)+hour(AC48+AH$7-$B$1)/24+minute(AC48)/1440),"") -> 46097.571 | AI48: 46097.454 | AJ48: Done | AK48: =IF(B48<>0,(if(AJ48="Pending",if($A$2>AH48,$A$2-AH48,0),if(AI48>AH48,AI48-AH48,0))),"") -> 0 | AL48: =IF(B48<>"",AG48,"") -> EMP0042 HULESHWAR KUMAR SAHU | AN48: Click Here
A49: =if($B49<>"",A48+1,"") -> 5000 | B49: 46094.735 | C49: TR | D49: SMKV | E49: https://drive.google.com/open?id=1QaO6u3y1Hj33m0yji76xZbqAtcUIL2a- | G49: Course Wise | H49: Change in design | I49: Smart-Exam | J49: Rohit Singh | L49: please do this | M49: =if(B49,if(and(hour(B49+M$7)>9.5,(hour(B49+M$7)<19.5)),B49+M$7,_xlfn.workday.intl(int(B49),1,"0000001",Holidays!A:A)+hour(B49+M$7-$B$1)/24+minute(B49)/1440),"") -> 46095.485 | N49: 46094.756 | O49: Done | P49: =IF(B49<>0,(if(O49="Pending",if($A$2>M49,$A$2-M49,0),if(N49>M49,N49-M49,0))),"") -> 0 | Q49: EMP0042 HULESHWAR KUMAR SAHU | R49: Requirements Clear | S49: =if(M49,if(and(hour(M49+S$7)>9.5,(hour(M49+S$7)<19.5)),M49+S$7,_xlfn.workday.intl(int(M49),1,"0000001",Holidays!A:A)+hour(M49+S$7-$B$1)/24+minute(M49)/1440),"") -> 46095.492 | T49: 46094.756 | U49: Done | V49: =IF(B49<>0,(if(U49="Pending",if($A$2>S49,$A$2-S49,0),if(T49>S49,T49-S49,0))),"") -> 0 | W49: =IF(B49<>"",Q49,"") -> EMP0042 HULESHWAR KUMAR SAHU | X49: =if(S49,if(and(hour(S49+X$7)>9.5,(hour(S49+X$7)<19.5)),S49+X$7,_xlfn.workday.intl(int(S49),1,"0000001",Holidays!A:A)+hour(S49+X$7-$B$1)/24+minute(S49)/1440),"") -> 46095.596 | Y49: 46094.783 | Z49: Done | AA49: =IF(B49<>0,(if(Z49="Pending",if($AD$1>X49,$AD$1-X49,0),if(Y49>X49,Y49-X49,0))),"") -> 0 | AB49: =IF(B49<>"",W49,"") -> EMP0042 HULESHWAR KUMAR SAHU | AC49: =if(X49,_xlfn.WORKDAY.INTL(X49,AC$7,"0000001",Holidays!A:A)+hour(X49)/24+MINUTE(X49)/1440,"") -> 46097.596 | AD49: 46097.454 | AE49: Done | AF49: =IF(B49<>0,(if(AD49="Pending",if($A$2>AC49,$A$2-AC49,0),if(AD49>AC49,AD49-AC49,0))),"") -> 0 | AG49: =IF(B49<>"",AB49,"") -> EMP0042 HULESHWAR KUMAR SAHU | AH49: =if(AC49,if(and(hour(AC49+AH$7)>9.5,(hour(AC49+AH$7)<19.5)),AC49+AH$7,_xlfn.workday.intl(int(AC49),1,"0000001",Holidays!A:A)+hour(AC49+AH$7-$B$1)/24+minute(AC49)/1440),"") -> 46097.637 | AI49: 46097.454 | AJ49: Done | AK49: =IF(B49<>0,(if(AJ49="Pending",if($A$2>AH49,$A$2-AH49,0),if(AI49>AH49,AI49-AH49,0))),"") -> 0 | AL49: =IF(B49<>"",AG49,"") -> EMP0042 HULESHWAR KUMAR SAHU | AN49: Click Here
A50: =if($B50<>"",A49+1,"") -> 5001 | B50: 46095.46 | C50: Please provide the practical Data for M.Ed. 1st & 3rd Semester, Re-appear, Regular, Mercy Chance, | D50: igu | E50: https://drive.google.com/open?id=1ABa-MPs5surIGhGc06B5dK2sGAVYyoYD | G50: Please provide the practical Data for M.Ed. 1st & 3rd Semester, Re-appear, Regular, Mercy Chance, | H50: Report not downloading | I50: Smart-Exam | J50: chintu singh | L50: Please provide the practical Data for M.Ed. 1st & 3rd Semester, Re-appear, Regular, Mercy Chance, | M50: =if(B50,if(and(hour(B50+M$7)>9.5,(hour(B50+M$7)<19.5)),B50+M$7,_xlfn.workday.intl(int(B50),1,"0000001",Holidays!A:A)+hour(B50+M$7-$B$1)/24+minute(B50)/1440),"") -> 46095.626 | N50: 46095.522 | O50: Done | P50: =IF(B50<>0,(if(O50="Pending",if($A$2>M50,$A$2-M50,0),if(N50>M50,N50-M50,0))),"") -> 0 | Q50: EMP0042 HULESHWAR KUMAR SAHU | R50: Requirements Clear | S50: =if(M50,if(and(hour(M50+S$7)>9.5,(hour(M50+S$7)<19.5)),M50+S$7,_xlfn.workday.intl(int(M50),1,"0000001",Holidays!A:A)+hour(M50+S$7-$B$1)/24+minute(M50)/1440),"") -> 46095.633 | T50: 46095.522 | U50: Done | V50: =IF(B50<>0,(if(U50="Pending",if($A$2>S50,$A$2-S50,0),if(T50>S50,T50-S50,0))),"") -> 0 | W50: =IF(B50<>"",Q50,"") -> EMP0042 HULESHWAR KUMAR SAHU | X50: =if(S50,if(and(hour(S50+X$7)>9.5,(hour(S50+X$7)<19.5)),S50+X$7,_xlfn.workday.intl(int(S50),1,"0000001",Holidays!A:A)+hour(S50+X$7-$B$1)/24+minute(S50)/1440),"") -> 46095.738 | Y50: 46095.523 | Z50: Done | AA50: =IF(B50<>0,(if(Z50="Pending",if($AD$1>X50,$AD$1-X50,0),if(Y50>X50,Y50-X50,0))),"") -> 0 | AB50: =IF(B50<>"",W50,"") -> EMP0042 HULESHWAR KUMAR SAHU | AC50: =if(X50,_xlfn.WORKDAY.INTL(X50,AC$7,"0000001",Holidays!A:A)+hour(X50)/24+MINUTE(X50)/1440,"") -> 46097.738 | AD50: 46095.538 | AE50: Done | AF50: =IF(B50<>0,(if(AD50="Pending",if($A$2>AC50,$A$2-AC50,0),if(AD50>AC50,AD50-AC50,0))),"") -> 0 | AG50: =IF(B50<>"",AB50,"") -> EMP0042 HULESHWAR KUMAR SAHU | AH50: =if(AC50,if(and(hour(AC50+AH$7)>9.5,(hour(AC50+AH$7)<19.5)),AC50+AH$7,_xlfn.workday.intl(int(AC50),1,"0000001",Holidays!A:A)+hour(AC50+AH$7-$B$1)/24+minute(AC50)/1440),"") -> 46097.779 | AI50: 46095.538 | AJ50: Done | AK50: =IF(B50<>0,(if(AJ50="Pending",if($A$2>AH50,$A$2-AH50,0),if(AI50>AH50,AI50-AH50,0))),"") -> 0 | AL50: =IF(B50<>"",AG50,"") -> EMP0042 HULESHWAR KUMAR SAHU | AN50: Click Here
A51: =if($B51<>"",A50+1,"") -> 5002 | B51: 46095.614 | C51: OLD formate mrksheet correction | D51: SU | E51: https://drive.google.com/open?id=1U0JfpgCUwTZ-wBN_r1Ihwra9hkF0lFWY | G51: College | H51: Other changes | I51: Smart-Exam | J51: Khaleshwar | L51: d | M51: 46097.448 | N51: 46097.432 | O51: Done | P51: =IF(B51<>0,(if(O51="Pending",if($A$2>M51,$A$2-M51,0),if(N51>M51,N51-M51,0))),"") -> 0 | Q51: EMP0237 Swarnendu Chakraborty | R51: Requirements Clear | S51: =if(M51,if(and(hour(M51+S$7)>9.5,(hour(M51+S$7)<19.5)),M51+S$7,_xlfn.workday.intl(int(M51),1,"0000001",Holidays!A:A)+hour(M51+S$7-$B$1)/24+minute(M51)/1440),"") -> 46097.455 | T51: 46097.432 | U51: Done | V51: =IF(B51<>0,(if(U51="Pending",if($A$2>S51,$A$2-S51,0),if(T51>S51,T51-S51,0))),"") -> 0 | W51: =IF(B51<>"",Q51,"") -> EMP0237 Swarnendu Chakraborty | X51: =if(S51,if(and(hour(S51+X$7)>9.5,(hour(S51+X$7)<19.5)),S51+X$7,_xlfn.workday.intl(int(S51),1,"0000001",Holidays!A:A)+hour(S51+X$7-$B$1)/24+minute(S51)/1440),"") -> 46097.559 | Y51: 46097.532 | Z51: Done | AA51: =IF(B51<>0,(if(Z51="Pending",if($AD$1>X51,$AD$1-X51,0),if(Y51>X51,Y51-X51,0))),"") -> 0 | AB51: =IF(B51<>"",W51,"") -> EMP0237 Swarnendu Chakraborty | AC51: =if(X51,_xlfn.WORKDAY.INTL(X51,AC$7,"0000001",Holidays!A:A)+hour(X51)/24+MINUTE(X51)/1440,"") -> 46098.558 | AD51: 46098.544 | AE51: Done | AF51: =IF(B51<>0,(if(AD51="Pending",if($A$2>AC51,$A$2-AC51,0),if(AD51>AC51,AD51-AC51,0))),"") -> 0 | AG51: =IF(B51<>"",AB51,"") -> EMP0237 Swarnendu Chakraborty | AH51: =if(AC51,if(and(hour(AC51+AH$7)>9.5,(hour(AC51+AH$7)<19.5)),AC51+AH$7,_xlfn.workday.intl(int(AC51),1,"0000001",Holidays!A:A)+hour(AC51+AH$7-$B$1)/24+minute(AC51)/1440),"") -> 46098.6 | AI51: 46098.545 | AJ51: Done | AK51: =IF(B51<>0,(if(AJ51="Pending",if($A$2>AH51,$A$2-AH51,0),if(AI51>AH51,AI51-AH51,0))),"") -> 0 | AL51: =IF(B51<>"",AG51,"") -> EMP0237 Swarnendu Chakraborty | AN51: Click Here
A52: =if($B52<>"",A51+1,"") -> 5003 | B52: 46095.615 | C52: NEW formate mrksheet correction | D52: SU | E52: https://drive.google.com/open?id=1bdZZHtL1zFp13WPWhMQfxJzoSWj1eSd1 | G52: college | H52: Other changes | I52: Smart-Exam | J52: Khaleshwar | L52: d | M52: 46097.448 | N52: 46097.432 | O52: Done | P52: =IF(B52<>0,(if(O52="Pending",if($A$2>M52,$A$2-M52,0),if(N52>M52,N52-M52,0))),"") -> 0 | Q52: EMP0237 Swarnendu Chakraborty | R52: Requirements Clear | S52: =if(M52,if(and(hour(M52+S$7)>9.5,(hour(M52+S$7)<19.5)),M52+S$7,_xlfn.workday.intl(int(M52),1,"0000001",Holidays!A:A)+hour(M52+S$7-$B$1)/24+minute(M52)/1440),"") -> 46097.455 | T52: 46097.432 | U52: Done | V52: =IF(B52<>0,(if(U52="Pending",if($A$2>S52,$A$2-S52,0),if(T52>S52,T52-S52,0))),"") -> 0 | W52: =IF(B52<>"",Q52,"") -> EMP0237 Swarnendu Chakraborty | X52: =if(S52,if(and(hour(S52+X$7)>9.5,(hour(S52+X$7)<19.5)),S52+X$7,_xlfn.workday.intl(int(S52),1,"0000001",Holidays!A:A)+hour(S52+X$7-$B$1)/24+minute(S52)/1440),"") -> 46097.559 | Y52: 46097.532 | Z52: Done | AA52: =IF(B52<>0,(if(Z52="Pending",if($AD$1>X52,$AD$1-X52,0),if(Y52>X52,Y52-X52,0))),"") -> 0 | AB52: =IF(B52<>"",W52,"") -> EMP0237 Swarnendu Chakraborty | AC52: =if(X52,_xlfn.WORKDAY.INTL(X52,AC$7,"0000001",Holidays!A:A)+hour(X52)/24+MINUTE(X52)/1440,"") -> 46098.558 | AD52: 46098.544 | AE52: Done | AF52: =IF(B52<>0,(if(AD52="Pending",if($A$2>AC52,$A$2-AC52,0),if(AD52>AC52,AD52-AC52,0))),"") -> 0 | AG52: =IF(B52<>"",AB52,"") -> EMP0237 Swarnendu Chakraborty | AH52: =if(AC52,if(and(hour(AC52+AH$7)>9.5,(hour(AC52+AH$7)<19.5)),AC52+AH$7,_xlfn.workday.intl(int(AC52),1,"0000001",Holidays!A:A)+hour(AC52+AH$7-$B$1)/24+minute(AC52)/1440),"") -> 46098.6 | AI52: 46098.545 | AJ52: Done | AK52: =IF(B52<>0,(if(AJ52="Pending",if($A$2>AH52,$A$2-AH52,0),if(AI52>AH52,AI52-AH52,0))),"") -> 0 | AL52: =IF(B52<>"",AG52,"") -> EMP0237 Swarnendu Chakraborty | AN52: Click Here
A53: =if($B53<>"",A52+1,"") -> 5004 | B53: 46097.517 | C53: FINAL CERTIFICATE | D53: GNSU | E53: https://drive.google.com/open?id=1sHBStsM1OF5GZapUAEp8I6WhPPQtqXP2 | G53: Final Certificate Final Year ( Annual Exam(PG)) PG MD - Physiology ( PHY)_SE14 | H53: Change in logic | I53: Smart-Exam | J53: DEEPAK | L53: PLEASE UPDATE LATEST DATE OF EXAM TO COMPLETE COURSE | M53: =if(B53,if(and(hour(B53+M$7)>9.5,(hour(B53+M$7)<19.5)),B53+M$7,_xlfn.workday.intl(int(B53),1,"0000001",Holidays!A:A)+hour(B53+M$7-$B$1)/24+minute(B53)/1440),"") -> 46097.684 | N53: 46097.536 | O53: Done | P53: =IF(B53<>0,(if(O53="Pending",if($A$2>M53,$A$2-M53,0),if(N53>M53,N53-M53,0))),"") -> 0 | Q53: EMP5009 Rup Kumar Mandal | R53: Requirements Clear | S53: =if(M53,if(and(hour(M53+S$7)>9.5,(hour(M53+S$7)<19.5)),M53+S$7,_xlfn.workday.intl(int(M53),1,"0000001",Holidays!A:A)+hour(M53+S$7-$B$1)/24+minute(M53)/1440),"") -> 46097.691 | T53: 46097.536 | U53: Done | V53: =IF(B53<>0,(if(U53="Pending",if($A$2>S53,$A$2-S53,0),if(T53>S53,T53-S53,0))),"") -> 0 | W53: =IF(B53<>"",Q53,"") -> EMP5009 Rup Kumar Mandal | X53: =if(S53,if(and(hour(S53+X$7)>9.5,(hour(S53+X$7)<19.5)),S53+X$7,_xlfn.workday.intl(int(S53),1,"0000001",Holidays!A:A)+hour(S53+X$7-$B$1)/24+minute(S53)/1440),"") -> 46097.795 | Y53: 46097.536 | Z53: Done | AA53: =IF(B53<>0,(if(Z53="Pending",if($AD$1>X53,$AD$1-X53,0),if(Y53>X53,Y53-X53,0))),"") -> 0 | AB53: =IF(B53<>"",W53,"") -> EMP5009 Rup Kumar Mandal | AC53: =if(X53,_xlfn.WORKDAY.INTL(X53,AC$7,"0000001",Holidays!A:A)+hour(X53)/24+MINUTE(X53)/1440,"") -> 46098.795 | AD53: 46097.762 | AE53: Done | AF53: =IF(B53<>0,(if(AD53="Pending",if($A$2>AC53,$A$2-AC53,0),if(AD53>AC53,AD53-AC53,0))),"") -> 0 | AG53: =IF(B53<>"",AB53,"") -> EMP5009 Rup Kumar Mandal | AH53: 46099.462 | AI53: 46099.455 | AJ53: Done | AK53: =IF(B53<>0,(if(AJ53="Pending",if($A$2>AH53,$A$2-AH53,0),if(AI53>AH53,AI53-AH53,0))),"") -> 0 | AL53: =IF(B53<>"",AG53,"") -> EMP5009 Rup Kumar Mandal | AN53: Click Here
A54: =if($B54<>"",A53+1,"") -> 5005 | B54: 46097.617 | C54: attendance sheet | D54: SKS Internation University | E54: https://drive.google.com/open?id=1n2JUadrVJkOCzXTb5JNjZXV77M5pPyr0 | F54: https://drive.google.com/open?id=1Asj2gWb8j4kPtgmPND_D7hq5Fs4b_IVk | G54: Course | H54: Report not downloading | I54: Smart-Exam | J54: Rajesh Gupta | L54: Please check and resolve as soon as | M54: =if(B54,if(and(hour(B54+M$7)>9.5,(hour(B54+M$7)<19.5)),B54+M$7,_xlfn.workday.intl(int(B54),1,"0000001",Holidays!A:A)+hour(B54+M$7-$B$1)/24+minute(B54)/1440),"") -> 46097.783 | N54: 46097.675 | O54: Done | P54: =IF(B54<>0,(if(O54="Pending",if($A$2>M54,$A$2-M54,0),if(N54>M54,N54-M54,0))),"") -> 0 | Q54: EMP0021 Tamanna Dewangan | R54: Requirements Clear | S54: =if(M54,if(and(hour(M54+S$7)>9.5,(hour(M54+S$7)<19.5)),M54+S$7,_xlfn.workday.intl(int(M54),1,"0000001",Holidays!A:A)+hour(M54+S$7-$B$1)/24+minute(M54)/1440),"") -> 46097.79 | T54: 46097.676 | U54: Done | V54: =IF(B54<>0,(if(U54="Pending",if($A$2>S54,$A$2-S54,0),if(T54>S54,T54-S54,0))),"") -> 0 | W54: =IF(B54<>"",Q54,"") -> EMP0021 Tamanna Dewangan | X54: =if(S54,if(and(hour(S54+X$7)>9.5,(hour(S54+X$7)<19.5)),S54+X$7,_xlfn.workday.intl(int(S54),1,"0000001",Holidays!A:A)+hour(S54+X$7-$B$1)/24+minute(S54)/1440),"") -> 46098.498 | Y54: 46097.676 | Z54: Done | AA54: =IF(B54<>0,(if(Z54="Pending",if($AD$1>X54,$AD$1-X54,0),if(Y54>X54,Y54-X54,0))),"") -> 0 | AB54: =IF(B54<>"",W54,"") -> EMP0021 Tamanna Dewangan | AC54: =if(X54,_xlfn.WORKDAY.INTL(X54,AC$7,"0000001",Holidays!A:A)+hour(X54)/24+MINUTE(X54)/1440,"") -> 46099.498 | AD54: 46097.762 | AE54: Done | AF54: =IF(B54<>0,(if(AD54="Pending",if($A$2>AC54,$A$2-AC54,0),if(AD54>AC54,AD54-AC54,0))),"") -> 0 | AG54: =IF(B54<>"",AB54,"") -> EMP0021 Tamanna Dewangan | AH54: =if(AC54,if(and(hour(AC54+AH$7)>9.5,(hour(AC54+AH$7)<19.5)),AC54+AH$7,_xlfn.workday.intl(int(AC54),1,"0000001",Holidays!A:A)+hour(AC54+AH$7-$B$1)/24+minute(AC54)/1440),"") -> 46099.54 | AI54: 46097.762 | AJ54: Done | AK54: =IF(B54<>0,(if(AJ54="Pending",if($A$2>AH54,$A$2-AH54,0),if(AI54>AH54,AI54-AH54,0))),"") -> 0 | AL54: =IF(B54<>"",AG54,"") -> EMP0021 Tamanna Dewangan | AN54: Click Here
A55: =if($B55<>"",A54+1,"") -> 5006 | B55: 46098.728 | C55: NEP TR M.A HINDI & SANSKRIT | D55: IGU | E55: https://drive.google.com/open?id=1tQy4pNXyYEICLyFWdaRLjX13uiThwbCQ | F55: https://drive.google.com/open?id=1NLsTytIZnOD--ivsXwaEAA7uFJj_iD2A | G55: NEP TR M.A HINDI & SANSKRIT | H55: Change in design | I55: Smart-Exam | J55: HARSHIT KUMAR | L55: DO THE CORRECTION AS PER ATTACHMENT | M55: =if(B55,if(and(hour(B55+M$7)>9.5,(hour(B55+M$7)<19.5)),B55+M$7,_xlfn.workday.intl(int(B55),1,"0000001",Holidays!A:A)+hour(B55+M$7-$B$1)/24+minute(B55)/1440),"") -> 46099.477 | N55: 46098.789 | O55: Done | P55: =IF(B55<>0,(if(O55="Pending",if($A$2>M55,$A$2-M55,0),if(N55>M55,N55-M55,0))),"") -> 0 | Q55: EMP0042 HULESHWAR KUMAR SAHU | R55: Requirements Clear | S55: =if(M55,if(and(hour(M55+S$7)>9.5,(hour(M55+S$7)<19.5)),M55+S$7,_xlfn.workday.intl(int(M55),1,"0000001",Holidays!A:A)+hour(M55+S$7-$B$1)/24+minute(M55)/1440),"") -> 46099.484 | T55: 46098.79 | U55: Done | V55: =IF(B55<>0,(if(U55="Pending",if($A$2>S55,$A$2-S55,0),if(T55>S55,T55-S55,0))),"") -> 0 | W55: =IF(B55<>"",Q55,"") -> EMP0042 HULESHWAR KUMAR SAHU | X55: =if(S55,if(and(hour(S55+X$7)>9.5,(hour(S55+X$7)<19.5)),S55+X$7,_xlfn.workday.intl(int(S55),1,"0000001",Holidays!A:A)+hour(S55+X$7-$B$1)/24+minute(S55)/1440),"") -> 46099.588 | Y55: 46099.509 | Z55: Done | AA55: =IF(B55<>0,(if(Z55="Pending",if($AD$1>X55,$AD$1-X55,0),if(Y55>X55,Y55-X55,0))),"") -> 0 | AB55: =IF(B55<>"",W55,"") -> EMP0042 HULESHWAR KUMAR SAHU | AC55: =if(X55,_xlfn.WORKDAY.INTL(X55,AC$7,"0000001",Holidays!A:A)+hour(X55)/24+MINUTE(X55)/1440,"") -> 46100.588 | AD55: 46099.509 | AE55: Done | AF55: =IF(B55<>0,(if(AD55="Pending",if($A$2>AC55,$A$2-AC55,0),if(AD55>AC55,AD55-AC55,0))),"") -> 0 | AG55: =IF(B55<>"",AB55,"") -> EMP0042 HULESHWAR KUMAR SAHU | AH55: =if(AC55,if(and(hour(AC55+AH$7)>9.5,(hour(AC55+AH$7)<19.5)),AC55+AH$7,_xlfn.workday.intl(int(AC55),1,"0000001",Holidays!A:A)+hour(AC55+AH$7-$B$1)/24+minute(AC55)/1440),"") -> 46100.63 | AI55: 46099.509 | AJ55: Done | AK55: =IF(B55<>0,(if(AJ55="Pending",if($A$2>AH55,$A$2-AH55,0),if(AI55>AH55,AI55-AH55,0))),"") -> 0 | AL55: =IF(B55<>"",AG55,"") -> EMP0042 HULESHWAR KUMAR SAHU | AN55: Click Here
A56: =if($B56<>"",A55+1,"") -> 5007 | B56: 46098.729 | C56: Grade Card (B.PHARMA) | D56: GNSU | E56: https://drive.google.com/open?id=1_dIO_18tSao841gwAYAs1rP6GCS4jtAz | G56: Grade Card (B.PHARMA) Fourth Semester ( 4th Sem) 1003 - Narayan Institute of Pharmacy Bachelor of Pharmacy ( B.Pharm) BACKLOG Regular SUPPLY_SE16 | H56: Change in design | I56: Smart-Exam | J56: DEEPAK | L56: KINDLY CORRECT FOR LATERAL STUDENTS GRADE CARD | M56: =if(B56,if(and(hour(B56+M$7)>9.5,(hour(B56+M$7)<19.5)),B56+M$7,_xlfn.workday.intl(int(B56),1,"0000001",Holidays!A:A)+hour(B56+M$7-$B$1)/24+minute(B56)/1440),"") -> 46099.478 | N56: 46098.789 | O56: Done | P56: =IF(B56<>0,(if(O56="Pending",if($A$2>M56,$A$2-M56,0),if(N56>M56,N56-M56,0))),"") -> 0 | Q56: EMP0042 HULESHWAR KUMAR SAHU | R56: Requirements Clear | S56: =if(M56,if(and(hour(M56+S$7)>9.5,(hour(M56+S$7)<19.5)),M56+S$7,_xlfn.workday.intl(int(M56),1,"0000001",Holidays!A:A)+hour(M56+S$7-$B$1)/24+minute(M56)/1440),"") -> 46099.485 | T56: 46098.79 | U56: Done | V56: =IF(B56<>0,(if(U56="Pending",if($A$2>S56,$A$2-S56,0),if(T56>S56,T56-S56,0))),"") -> 0 | W56: =IF(B56<>"",Q56,"") -> EMP0042 HULESHWAR KUMAR SAHU | X56: =if(S56,if(and(hour(S56+X$7)>9.5,(hour(S56+X$7)<19.5)),S56+X$7,_xlfn.workday.intl(int(S56),1,"0000001",Holidays!A:A)+hour(S56+X$7-$B$1)/24+minute(S56)/1440),"") -> 46099.59 | Y56: 46099.571 | Z56: Done | AA56: =IF(B56<>0,(if(Z56="Pending",if($AD$1>X56,$AD$1-X56,0),if(Y56>X56,Y56-X56,0))),"") -> 0 | AB56: =IF(B56<>"",W56,"") -> EMP0042 HULESHWAR KUMAR SAHU | AC56: =if(X56,_xlfn.WORKDAY.INTL(X56,AC$7,"0000001",Holidays!A:A)+hour(X56)/24+MINUTE(X56)/1440,"") -> 46100.59 | AD56: 46099.614 | AE56: Done | AF56: =IF(B56<>0,(if(AD56="Pending",if($A$2>AC56,$A$2-AC56,0),if(AD56>AC56,AD56-AC56,0))),"") -> 0 | AG56: =IF(B56<>"",AB56,"") -> EMP0042 HULESHWAR KUMAR SAHU | AH56: =if(AC56,if(and(hour(AC56+AH$7)>9.5,(hour(AC56+AH$7)<19.5)),AC56+AH$7,_xlfn.workday.intl(int(AC56),1,"0000001",Holidays!A:A)+hour(AC56+AH$7-$B$1)/24+minute(AC56)/1440),"") -> 46100.631 | AI56: 46099.816 | AJ56: Done | AK56: =IF(B56<>0,(if(AJ56="Pending",if($A$2>AH56,$A$2-AH56,0),if(AI56>AH56,AI56-AH56,0))),"") -> 0 | AL56: =IF(B56<>"",AG56,"") -> EMP0042 HULESHWAR KUMAR SAHU | AN56: Click Here
A57: =if($B57<>"",A56+1,"") -> 5008 | B57: 46098.731 | C57: NEP SUMMARY 3RD SEM M.A HINDI | D57: IGU | E57: https://drive.google.com/open?id=1AwY39NOsVXDX2UX8i7o7dg3TcOJbFWrU | F57: https://drive.google.com/open?id=1Lz7cw0TXd78Vsq5dRaAytAaevdwCUMa0 | G57: NEP SUMMARY 3RD SEM M.A HINDI | H57: Change in design | I57: Smart-Exam | J57: HARSHIT KUMAR | L57: DO THE CORRECTION AS PER ATTACHMENT | M57: =if(B57,if(and(hour(B57+M$7)>9.5,(hour(B57+M$7)<19.5)),B57+M$7,_xlfn.workday.intl(int(B57),1,"0000001",Holidays!A:A)+hour(B57+M$7-$B$1)/24+minute(B57)/1440),"") -> 46099.481 | N57: 46098.789 | O57: Done | P57: =IF(B57<>0,(if(O57="Pending",if($A$2>M57,$A$2-M57,0),if(N57>M57,N57-M57,0))),"") -> 0 | Q57: EMP0042 HULESHWAR KUMAR SAHU | R57: Requirements Clear | S57: =if(M57,if(and(hour(M57+S$7)>9.5,(hour(M57+S$7)<19.5)),M57+S$7,_xlfn.workday.intl(int(M57),1,"0000001",Holidays!A:A)+hour(M57+S$7-$B$1)/24+minute(M57)/1440),"") -> 46099.488 | T57: 46098.79 | U57: Done | V57: =IF(B57<>0,(if(U57="Pending",if($A$2>S57,$A$2-S57,0),if(T57>S57,T57-S57,0))),"") -> 0 | W57: =IF(B57<>"",Q57,"") -> EMP0042 HULESHWAR KUMAR SAHU | X57: =if(S57,if(and(hour(S57+X$7)>9.5,(hour(S57+X$7)<19.5)),S57+X$7,_xlfn.workday.intl(int(S57),1,"0000001",Holidays!A:A)+hour(S57+X$7-$B$1)/24+minute(S57)/1440),"") -> 46099.592 | Y57: 46099.571 | Z57: Done | AA57: =IF(B57<>0,(if(Z57="Pending",if($AD$1>X57,$AD$1-X57,0),if(Y57>X57,Y57-X57,0))),"") -> 0 | AB57: =IF(B57<>"",W57,"") -> EMP0042 HULESHWAR KUMAR SAHU | AC57: =if(X57,_xlfn.WORKDAY.INTL(X57,AC$7,"0000001",Holidays!A:A)+hour(X57)/24+MINUTE(X57)/1440,"") -> 46100.592 | AD57: 46100.464 | AE57: Done | AF57: =IF(B57<>0,(if(AD57="Pending",if($A$2>AC57,$A$2-AC57,0),if(AD57>AC57,AD57-AC57,0))),"") -> 0 | AG57: =IF(B57<>"",AB57,"") -> EMP0042 HULESHWAR KUMAR SAHU | AH57: =if(AC57,if(and(hour(AC57+AH$7)>9.5,(hour(AC57+AH$7)<19.5)),AC57+AH$7,_xlfn.workday.intl(int(AC57),1,"0000001",Holidays!A:A)+hour(AC57+AH$7-$B$1)/24+minute(AC57)/1440),"") -> 46100.633 | AI57: 46100.621 | AJ57: Done | AK57: =IF(B57<>0,(if(AJ57="Pending",if($A$2>AH57,$A$2-AH57,0),if(AI57>AH57,AI57-AH57,0))),"") -> 0 | AL57: =IF(B57<>"",AG57,"") -> EMP0042 HULESHWAR KUMAR SAHU | AN57: Click Here
A58: =if($B58<>"",A57+1,"") -> 5009 | B58: 46098.735 | C58: NEP SCHEMA M.A SANSKRIT | D58: IGU | E58: https://drive.google.com/open?id=1BYfQt64vDe0_-yvschS7Qmg23z7vXM_m | F58: https://drive.google.com/open?id=1cLP41hmP3NnEWPfosdSpldBZWwZ0HvVb | G58: NEP SCHEMA M.A SANSKRIT | H58: Change in design | I58: Smart-Exam | J58: HARSHIT KUMAR | L58: DO THE CORRECTION AS PER ATTACHEMENT | M58: =if(B58,if(and(hour(B58+M$7)>9.5,(hour(B58+M$7)<19.5)),B58+M$7,_xlfn.workday.intl(int(B58),1,"0000001",Holidays!A:A)+hour(B58+M$7-$B$1)/24+minute(B58)/1440),"") -> 46099.484 | N58: 46098.789 | O58: Done | P58: =IF(B58<>0,(if(O58="Pending",if($A$2>M58,$A$2-M58,0),if(N58>M58,N58-M58,0))),"") -> 0 | Q58: EMP0042 HULESHWAR KUMAR SAHU | R58: Requirements Clear | S58: =if(M58,if(and(hour(M58+S$7)>9.5,(hour(M58+S$7)<19.5)),M58+S$7,_xlfn.workday.intl(int(M58),1,"0000001",Holidays!A:A)+hour(M58+S$7-$B$1)/24+minute(M58)/1440),"") -> 46099.491 | T58: 46098.79 | U58: Done | V58: =IF(B58<>0,(if(U58="Pending",if($A$2>S58,$A$2-S58,0),if(T58>S58,T58-S58,0))),"") -> 0 | W58: =IF(B58<>"",Q58,"") -> EMP0042 HULESHWAR KUMAR SAHU | X58: =if(S58,if(and(hour(S58+X$7)>9.5,(hour(S58+X$7)<19.5)),S58+X$7,_xlfn.workday.intl(int(S58),1,"0000001",Holidays!A:A)+hour(S58+X$7-$B$1)/24+minute(S58)/1440),"") -> 46099.595 | Y58: 46099.571 | Z58: Done | AA58: =IF(B58<>0,(if(Z58="Pending",if($AD$1>X58,$AD$1-X58,0),if(Y58>X58,Y58-X58,0))),"") -> 0 | AB58: =IF(B58<>"",W58,"") -> EMP0042 HULESHWAR KUMAR SAHU | AC58: =if(X58,_xlfn.WORKDAY.INTL(X58,AC$7,"0000001",Holidays!A:A)+hour(X58)/24+MINUTE(X58)/1440,"") -> 46100.595 | AD58: 46100.464 | AE58: Done | AF58: =IF(B58<>0,(if(AD58="Pending",if($A$2>AC58,$A$2-AC58,0),if(AD58>AC58,AD58-AC58,0))),"") -> 0 | AG58: =IF(B58<>"",AB58,"") -> EMP0042 HULESHWAR KUMAR SAHU | AH58: =if(AC58,if(and(hour(AC58+AH$7)>9.5,(hour(AC58+AH$7)<19.5)),AC58+AH$7,_xlfn.workday.intl(int(AC58),1,"0000001",Holidays!A:A)+hour(AC58+AH$7-$B$1)/24+minute(AC58)/1440),"") -> 46100.637 | AI58: 46100.464 | AJ58: Done | AK58: =IF(B58<>0,(if(AJ58="Pending",if($A$2>AH58,$A$2-AH58,0),if(AI58>AH58,AI58-AH58,0))),"") -> 0 | AL58: =IF(B58<>"",AG58,"") -> EMP0042 HULESHWAR KUMAR SAHU | AN58: Click Here
A59: =if($B59<>"",A58+1,"") -> 5010 | B59: 46098.737 | C59: NEP MA SANSKRIT 3RD SEM MARKSHEET | D59: IGU | E59: https://drive.google.com/open?id=1B3-Ubst0ghJN26KXq0gs6vy0s1mbgwjm | F59: https://drive.google.com/open?id=1BzZH7FZda-y55yUZm91gwoogXS-gnCCU | G59: NEP MA SANSKRIT 3RD SEM MARKSHEET | H59: Change in design | I59: Smart-Exam | J59: HARSHIT KUMAR | L59: DO THE CORRECTION AS PER ATTACHMENT | M59: =if(B59,if(and(hour(B59+M$7)>9.5,(hour(B59+M$7)<19.5)),B59+M$7,_xlfn.workday.intl(int(B59),1,"0000001",Holidays!A:A)+hour(B59+M$7-$B$1)/24+minute(B59)/1440),"") -> 46099.486 | N59: 46098.789 | O59: Done | P59: =IF(B59<>0,(if(O59="Pending",if($A$2>M59,$A$2-M59,0),if(N59>M59,N59-M59,0))),"") -> 0 | Q59: EMP0021 Tamanna Dewangan | R59: Requirements Clear | S59: =if(M59,if(and(hour(M59+S$7)>9.5,(hour(M59+S$7)<19.5)),M59+S$7,_xlfn.workday.intl(int(M59),1,"0000001",Holidays!A:A)+hour(M59+S$7-$B$1)/24+minute(M59)/1440),"") -> 46099.493 | T59: 46098.79 | U59: Done | V59: =IF(B59<>0,(if(U59="Pending",if($A$2>S59,$A$2-S59,0),if(T59>S59,T59-S59,0))),"") -> 0 | W59: =IF(B59<>"",Q59,"") -> EMP0021 Tamanna Dewangan | X59: =if(S59,if(and(hour(S59+X$7)>9.5,(hour(S59+X$7)<19.5)),S59+X$7,_xlfn.workday.intl(int(S59),1,"0000001",Holidays!A:A)+hour(S59+X$7-$B$1)/24+minute(S59)/1440),"") -> 46099.597 | Y59: 46099.571 | Z59: Done | AA59: =IF(B59<>0,(if(Z59="Pending",if($AD$1>X59,$AD$1-X59,0),if(Y59>X59,Y59-X59,0))),"") -> 0 | AB59: =IF(B59<>"",W59,"") -> EMP0021 Tamanna Dewangan | AC59: =if(X59,_xlfn.WORKDAY.INTL(X59,AC$7,"0000001",Holidays!A:A)+hour(X59)/24+MINUTE(X59)/1440,"") -> 46100.597 | AD59: 46099.811 | AE59: Done | AF59: =IF(B59<>0,(if(AD59="Pending",if($A$2>AC59,$A$2-AC59,0),if(AD59>AC59,AD59-AC59,0))),"") -> 0 | AG59: =IF(B59<>"",AB59,"") -> EMP0021 Tamanna Dewangan | AH59: =if(AC59,if(and(hour(AC59+AH$7)>9.5,(hour(AC59+AH$7)<19.5)),AC59+AH$7,_xlfn.workday.intl(int(AC59),1,"0000001",Holidays!A:A)+hour(AC59+AH$7-$B$1)/24+minute(AC59)/1440),"") -> 46100.639 | AI59: 46099.811 | AJ59: Done | AK59: =IF(B59<>0,(if(AJ59="Pending",if($A$2>AH59,$A$2-AH59,0),if(AI59>AH59,AI59-AH59,0))),"") -> 0 | AL59: =IF(B59<>"",AG59,"") -> EMP0021 Tamanna Dewangan | AN59: Click Here
A60: =if($B60<>"",A59+1,"") -> 5011 | B60: 46099.463 | C60: Tabulation Report BPH (LE) 3rd sem | D60: DPSRU | E60: https://drive.google.com/open?id=1sVtqyAGQ6PxDSsvG9fNWlsLDxVwa3_4g | G60: course | H60: Report not downloading | I60: Smart-Exam | J60: sandeep narang | L60: Blank TR is download | M60: =if(B60,if(and(hour(B60+M$7)>9.5,(hour(B60+M$7)<19.5)),B60+M$7,_xlfn.workday.intl(int(B60),1,"0000001",Holidays!A:A)+hour(B60+M$7-$B$1)/24+minute(B60)/1440),"") -> 46099.63 | N60: 46099.487 | O60: Done | P60: =IF(B60<>0,(if(O60="Pending",if($A$2>M60,$A$2-M60,0),if(N60>M60,N60-M60,0))),"") -> 0 | Q60: EMP5009 Rup Kumar Mandal | R60: Requirements Clear | S60: =if(M60,if(and(hour(M60+S$7)>9.5,(hour(M60+S$7)<19.5)),M60+S$7,_xlfn.workday.intl(int(M60),1,"0000001",Holidays!A:A)+hour(M60+S$7-$B$1)/24+minute(M60)/1440),"") -> 46099.637 | T60: 46099.487 | U60: Done | V60: =IF(B60<>0,(if(U60="Pending",if($A$2>S60,$A$2-S60,0),if(T60>S60,T60-S60,0))),"") -> 0 | W60: =IF(B60<>"",Q60,"") -> EMP5009 Rup Kumar Mandal | X60: =if(S60,if(and(hour(S60+X$7)>9.5,(hour(S60+X$7)<19.5)),S60+X$7,_xlfn.workday.intl(int(S60),1,"0000001",Holidays!A:A)+hour(S60+X$7-$B$1)/24+minute(S60)/1440),"") -> 46099.741 | Y60: 46099.487 | Z60: Done | AA60: =IF(B60<>0,(if(Z60="Pending",if($AD$1>X60,$AD$1-X60,0),if(Y60>X60,Y60-X60,0))),"") -> 0 | AB60: =IF(B60<>"",W60,"") -> EMP5009 Rup Kumar Mandal | AC60: =if(X60,_xlfn.WORKDAY.INTL(X60,AC$7,"0000001",Holidays!A:A)+hour(X60)/24+MINUTE(X60)/1440,"") -> 46100.741 | AD60: 46099.487 | AE60: Done | AF60: =IF(B60<>0,(if(AD60="Pending",if($A$2>AC60,$A$2-AC60,0),if(AD60>AC60,AD60-AC60,0))),"") -> 0 | AG60: =IF(B60<>"",AB60,"") -> EMP5009 Rup Kumar Mandal | AH60: =if(AC60,if(and(hour(AC60+AH$7)>9.5,(hour(AC60+AH$7)<19.5)),AC60+AH$7,_xlfn.workday.intl(int(AC60),1,"0000001",Holidays!A:A)+hour(AC60+AH$7-$B$1)/24+minute(AC60)/1440),"") -> 46100.783 | AI60: 46099.77 | AJ60: Done | AK60: =IF(B60<>0,(if(AJ60="Pending",if($A$2>AH60,$A$2-AH60,0),if(AI60>AH60,AI60-AH60,0))),"") -> 0 | AL60: =IF(B60<>"",AG60,"") -> EMP5009 Rup Kumar Mandal | AN60: Click Here
A61: =if($B61<>"",A60+1,"") -> 5012 | B61: 46100.474 | C61: TR | D61: SMKV | E61: https://drive.google.com/open?id=1o3qbQ20-wLMJKRPaVi9aSNw688_brHvO | G61: Course wise | H61: Other changes | I61: Smart-Exam | J61: Rohitt Singh | L61: TR Correction as per telephonic conversation | M61: =if(B61,if(and(hour(B61+M$7)>9.5,(hour(B61+M$7)<19.5)),B61+M$7,_xlfn.workday.intl(int(B61),1,"0000001",Holidays!A:A)+hour(B61+M$7-$B$1)/24+minute(B61)/1440),"") -> 46100.641 | N61: 46100.613 | O61: Done | P61: =IF(B61<>0,(if(O61="Pending",if($A$2>M61,$A$2-M61,0),if(N61>M61,N61-M61,0))),"") -> 0 | Q61: EMP0042 HULESHWAR KUMAR SAHU | R61: Requirements Clear | S61: =if(M61,if(and(hour(M61+S$7)>9.5,(hour(M61+S$7)<19.5)),M61+S$7,_xlfn.workday.intl(int(M61),1,"0000001",Holidays!A:A)+hour(M61+S$7-$B$1)/24+minute(M61)/1440),"") -> 46100.648 | T61: 46100.613 | U61: Done | V61: =IF(B61<>0,(if(U61="Pending",if($A$2>S61,$A$2-S61,0),if(T61>S61,T61-S61,0))),"") -> 0 | W61: =IF(B61<>"",Q61,"") -> EMP0042 HULESHWAR KUMAR SAHU | X61: =if(S61,if(and(hour(S61+X$7)>9.5,(hour(S61+X$7)<19.5)),S61+X$7,_xlfn.workday.intl(int(S61),1,"0000001",Holidays!A:A)+hour(S61+X$7-$B$1)/24+minute(S61)/1440),"") -> 46100.752 | Y61: 46100.614 | Z61: Done | AA61: =IF(B61<>0,(if(Z61="Pending",if($AD$1>X61,$AD$1-X61,0),if(Y61>X61,Y61-X61,0))),"") -> 0 | AB61: =IF(B61<>"",W61,"") -> EMP0042 HULESHWAR KUMAR SAHU | AC61: =if(X61,_xlfn.WORKDAY.INTL(X61,AC$7,"0000001",Holidays!A:A)+hour(X61)/24+MINUTE(X61)/1440,"") -> 46101.751 | AD61: 46100.772 | AE61: Done | AF61: =IF(B61<>0,(if(AD61="Pending",if($A$2>AC61,$A$2-AC61,0),if(AD61>AC61,AD61-AC61,0))),"") -> 0 | AG61: =IF(B61<>"",AB61,"") -> EMP0042 HULESHWAR KUMAR SAHU | AH61: =if(AC61,if(and(hour(AC61+AH$7)>9.5,(hour(AC61+AH$7)<19.5)),AC61+AH$7,_xlfn.workday.intl(int(AC61),1,"0000001",Holidays!A:A)+hour(AC61+AH$7-$B$1)/24+minute(AC61)/1440),"") -> 46101.793 | AI61: 46100.772 | AJ61: Done | AK61: =IF(B61<>0,(if(AJ61="Pending",if($A$2>AH61,$A$2-AH61,0),if(AI61>AH61,AI61-AH61,0))),"") -> 0 | AL61: =IF(B61<>"",AG61,"") -> EMP0042 HULESHWAR KUMAR SAHU | AN61: Click Here
A62: =if($B62<>"",A61+1,"") -> 5013 | B62: 46100.633 | C62: Student wise data add new culum session | D62: SU | E62: https://drive.google.com/open?id=1VJ1aE-S3XEpfX827h5A8o7_M7jD4Gyyw | G62: admin | H62: Other changes | I62: Smart-Exam | J62: Khaleshwar | L62: a | M62: =if(B62,if(and(hour(B62+M$7)>9.5,(hour(B62+M$7)<19.5)),B62+M$7,_xlfn.workday.intl(int(B62),1,"0000001",Holidays!A:A)+hour(B62+M$7-$B$1)/24+minute(B62)/1440),"") -> 46100.8 | N62: 46100.645 | O62: Done | P62: =IF(B62<>0,(if(O62="Pending",if($A$2>M62,$A$2-M62,0),if(N62>M62,N62-M62,0))),"") -> 0 | Q62: EMP5009 Rup Kumar Mandal | R62: Requirements Clear | S62: =if(M62,if(and(hour(M62+S$7)>9.5,(hour(M62+S$7)<19.5)),M62+S$7,_xlfn.workday.intl(int(M62),1,"0000001",Holidays!A:A)+hour(M62+S$7-$B$1)/24+minute(M62)/1440),"") -> 46100.807 | T62: 46100.646 | U62: Done | V62: =IF(B62<>0,(if(U62="Pending",if($A$2>S62,$A$2-S62,0),if(T62>S62,T62-S62,0))),"") -> 0 | W62: =IF(B62<>"",Q62,"") -> EMP5009 Rup Kumar Mandal | X62: =if(S62,if(and(hour(S62+X$7)>9.5,(hour(S62+X$7)<19.5)),S62+X$7,_xlfn.workday.intl(int(S62),1,"0000001",Holidays!A:A)+hour(S62+X$7-$B$1)/24+minute(S62)/1440),"") -> 46101.474 | Y62: 46100.646 | Z62: Done | AA62: =IF(B62<>0,(if(Z62="Pending",if($AD$1>X62,$AD$1-X62,0),if(Y62>X62,Y62-X62,0))),"") -> 0 | AB62: =IF(B62<>"",W62,"") -> EMP5009 Rup Kumar Mandal | AC62: =if(X62,_xlfn.WORKDAY.INTL(X62,AC$7,"0000001",Holidays!A:A)+hour(X62)/24+MINUTE(X62)/1440,"") -> 46104.474 | AD62: 46100.719 | AE62: Done | AF62: =IF(B62<>0,(if(AD62="Pending",if($A$2>AC62,$A$2-AC62,0),if(AD62>AC62,AD62-AC62,0))),"") -> 0 | AG62: =IF(B62<>"",AB62,"") -> EMP5009 Rup Kumar Mandal | AH62: =if(AC62,if(and(hour(AC62+AH$7)>9.5,(hour(AC62+AH$7)<19.5)),AC62+AH$7,_xlfn.workday.intl(int(AC62),1,"0000001",Holidays!A:A)+hour(AC62+AH$7-$B$1)/24+minute(AC62)/1440),"") -> 46104.515 | AI62: 46100.719 | AJ62: Done | AK62: =IF(B62<>0,(if(AJ62="Pending",if($A$2>AH62,$A$2-AH62,0),if(AI62>AH62,AI62-AH62,0))),"") -> 0 | AL62: =IF(B62<>"",AG62,"") -> EMP5009 Rup Kumar Mandal | AN62: Click Here
A63: =if($B63<>"",A62+1,"") -> 5014 | B63: 46100.715 | C63: MULTIPLE REPORT | D63: SGBAU | E63: https://drive.google.com/open?id=12fdYzHs-lrrC0IfsmioSfG42sDdYPwyt | G63: MSC MARKSHEET CORRECTION | H63: Other changes | I63: Smart-Exam | J63: KAMINI THAKUR | L63: MSC MARKSHEET CREDIT CORRECTION | M63: =if(B63,if(and(hour(B63+M$7)>9.5,(hour(B63+M$7)<19.5)),B63+M$7,_xlfn.workday.intl(int(B63),1,"0000001",Holidays!A:A)+hour(B63+M$7-$B$1)/24+minute(B63)/1440),"")-1 -> 46100.465 | N63: 46100.459 | O63: Done | P63: =IF(B63<>0,(if(O63="Pending",if($A$2>M63,$A$2-M63,0),if(N63>M63,N63-M63,0))),"") -> 0 | Q63: EMP0042 HULESHWAR KUMAR SAHU | R63: Requirements Clear | S63: =if(M63,if(and(hour(M63+S$7)>9.5,(hour(M63+S$7)<19.5)),M63+S$7,_xlfn.workday.intl(int(M63),1,"0000001",Holidays!A:A)+hour(M63+S$7-$B$1)/24+minute(M63)/1440),"") -> 46100.472 | T63: 46100.771 | U63: Done | V63: =IF(B63<>0,(if(U63="Pending",if($A$2>S63,$A$2-S63,0),if(T63>S63,T63-S63,0))),"") -> 0.29917618 | W63: =IF(B63<>"",Q63,"") -> EMP0042 HULESHWAR KUMAR SAHU | X63: =if(S63,if(and(hour(S63+X$7)>9.5,(hour(S63+X$7)<19.5)),S63+X$7,_xlfn.workday.intl(int(S63),1,"0000001",Holidays!A:A)+hour(S63+X$7-$B$1)/24+minute(S63)/1440),"") -> 46100.576 | Y63: 46100.771 | Z63: Done | AA63: =IF(B63<>0,(if(Z63="Pending",if($AD$1>X63,$AD$1-X63,0),if(Y63>X63,Y63-X63,0))),"") -> 0.19503751 | AB63: =IF(B63<>"",W63,"") -> EMP0042 HULESHWAR KUMAR SAHU | AC63: =if(X63,_xlfn.WORKDAY.INTL(X63,AC$7,"0000001",Holidays!A:A)+hour(X63)/24+MINUTE(X63)/1440,"")+2 -> 46103.576 | AD63: 46100.772 | AE63: Done | AF63: =IF(B63<>0,(if(AD63="Pending",if($A$2>AC63,$A$2-AC63,0),if(AD63>AC63,AD63-AC63,0))),"") -> 0 | AG63: =IF(B63<>"",AB63,"") -> EMP0042 HULESHWAR KUMAR SAHU | AH63: =if(AC63,if(and(hour(AC63+AH$7)>9.5,(hour(AC63+AH$7)<19.5)),AC63+AH$7,_xlfn.workday.intl(int(AC63),1,"0000001",Holidays!A:A)+hour(AC63+AH$7-$B$1)/24+minute(AC63)/1440),"")+1 -> 46104.618 | AI63: 46104.65 | AJ63: Done | AK63: =IF(B63<>0,(if(AJ63="Pending",if($A$2>AH63,$A$2-AH63,0),if(AI63>AH63,AI63-AH63,0))),"") -> 0.031959711 | AL63: =IF(B63<>"",AG63,"") -> EMP0042 HULESHWAR KUMAR SAHU | AN63: Click Here
A64: =if($B64<>"",A63+1,"") -> 5015 | B64: 46101.632 | C64: ENROLLMENT REPORT | D64: HYU, DURG | E64: https://drive.google.com/open?id=1HvYNsI7N5FFbhs5OXLrZUIxgCO7Tuq7T | F64: https://drive.google.com/open?id=1gRBjwQ3LYw5yKFduzavnVpU8zlNkO18p | G64: COLLEGE/COURSE | H64: Other changes | I64: Smart-Exam | J64: AMIT YADU | L64: OTHER SESSION ENROLLED STUDENT ALSO COMING IN CURRENT SESSION. | M64: =if(B64,if(and(hour(B64+M$7)>9.5,(hour(B64+M$7)<19.5)),B64+M$7,_xlfn.workday.intl(int(B64),1,"0000001",Holidays!A:A)+hour(B64+M$7-$B$1)/24+minute(B64)/1440),"") -> 46101.799 | N64: 46101.638 | O64: Done | P64: =IF(B64<>0,(if(O64="Pending",if($A$2>M64,$A$2-M64,0),if(N64>M64,N64-M64,0))),"") -> 0 | Q64: EMP0021 Tamanna Dewangan | R64: Requirements Clear | S64: =if(M64,if(and(hour(M64+S$7)>9.5,(hour(M64+S$7)<19.5)),M64+S$7,_xlfn.workday.intl(int(M64),1,"0000001",Holidays!A:A)+hour(M64+S$7-$B$1)/24+minute(M64)/1440),"")+1-6/24 -> 46102.556 | T64: 46101.722 | U64: Done | V64: =IF(B64<>0,(if(U64="Pending",if($A$2>S64,$A$2-S64,0),if(T64>S64,T64-S64,0))),"") -> 0 | W64: =IF(B64<>"",Q64,"") -> EMP0021 Tamanna Dewangan | X64: =if(S64,if(and(hour(S64+X$7)>9.5,(hour(S64+X$7)<19.5)),S64+X$7,_xlfn.workday.intl(int(S64),1,"0000001",Holidays!A:A)+hour(S64+X$7-$B$1)/24+minute(S64)/1440),"")+2 -> 46104.66 | Y64: 46104.51 | Z64: Done | AA64: =IF(B64<>0,(if(Z64="Pending",if($AD$1>X64,$AD$1-X64,0),if(Y64>X64,Y64-X64,0))),"") -> 0 | AB64: =IF(B64<>"",W64,"") -> EMP0021 Tamanna Dewangan | AC64: =if(X64,_xlfn.WORKDAY.INTL(X64,AC$7,"0000001",Holidays!A:A)+hour(X64)/24+MINUTE(X64)/1440,"") -> 46105.66 | AD64: 46104.65 | AE64: Done | AF64: =IF(B64<>0,(if(AD64="Pending",if($A$2>AC64,$A$2-AC64,0),if(AD64>AC64,AD64-AC64,0))),"") -> 0 | AG64: =IF(B64<>"",AB64,"") -> EMP0021 Tamanna Dewangan | AH64: =if(AC64,if(and(hour(AC64+AH$7)>9.5,(hour(AC64+AH$7)<19.5)),AC64+AH$7,_xlfn.workday.intl(int(AC64),1,"0000001",Holidays!A:A)+hour(AC64+AH$7-$B$1)/24+minute(AC64)/1440),"") -> 46105.701 | AI64: 46104.65 | AJ64: Done | AK64: =IF(B64<>0,(if(AJ64="Pending",if($A$2>AH64,$A$2-AH64,0),if(AI64>AH64,AI64-AH64,0))),"") -> 0 | AL64: =IF(B64<>"",AG64,"") -> EMP0021 Tamanna Dewangan | AN64: Click Here
A65: =if($B65<>"",A64+1,"") -> 5016 | B65: 46101.734 | C65: NEP MISSING REPORT STEP-5(PRE-PROCESSING ERROR) | D65: IGU NEP MISSING REPORT STEP-5 | E65: https://drive.google.com/open?id=1L5Nu2khWeBG7JNsWqW8GdWv7e8TRPoxZ | F65: https://drive.google.com/open?id=1i0vNspNmvEi67KWnB47YBJTyx7SS-Kx9 | G65: nep pg & ug | H65: Report not downloading | I65: Smart-Exam | J65: BISWAJIT MAJHI | L65: please look in the matter | M65: =if(B65,if(and(hour(B65+M$7)>9.5,(hour(B65+M$7)<19.5)),B65+M$7,_xlfn.workday.intl(int(B65),1,"0000001",Holidays!A:A)+hour(B65+M$7-$B$1)/24+minute(B65)/1440),"") -> 46104.484 | N65: 46101.736 | O65: Done | P65: =IF(B65<>0,(if(O65="Pending",if($A$2>M65,$A$2-M65,0),if(N65>M65,N65-M65,0))),"") -> 0 | Q65: EMP0237 Swarnendu Chakraborty | R65: Requirements Clear | S65: =if(M65,if(and(hour(M65+S$7)>9.5,(hour(M65+S$7)<19.5)),M65+S$7,_xlfn.workday.intl(int(M65),1,"0000001",Holidays!A:A)+hour(M65+S$7-$B$1)/24+minute(M65)/1440),"") -> 46104.491 | T65: 46101.736 | U65: Done | V65: =IF(B65<>0,(if(U65="Pending",if($A$2>S65,$A$2-S65,0),if(T65>S65,T65-S65,0))),"") -> 0 | W65: =IF(B65<>"",Q65,"") -> EMP0237 Swarnendu Chakraborty | X65: =if(S65,if(and(hour(S65+X$7)>9.5,(hour(S65+X$7)<19.5)),S65+X$7,_xlfn.workday.intl(int(S65),1,"0000001",Holidays!A:A)+hour(S65+X$7-$B$1)/24+minute(S65)/1440),"") -> 46104.595 | Y65: 46101.736 | Z65: Done | AA65: =IF(B65<>0,(if(Z65="Pending",if($AD$1>X65,$AD$1-X65,0),if(Y65>X65,Y65-X65,0))),"") -> 0 | AB65: =IF(B65<>"",W65,"") -> EMP0237 Swarnendu Chakraborty | AC65: =if(X65,_xlfn.WORKDAY.INTL(X65,AC$7,"0000001",Holidays!A:A)+hour(X65)/24+MINUTE(X65)/1440,"") -> 46105.595 | AD65: 46105.45 | AE65: Done | AF65: =IF(B65<>0,(if(AD65="Pending",if($A$2>AC65,$A$2-AC65,0),if(AD65>AC65,AD65-AC65,0))),"") -> 0 | AG65: =IF(B65<>"",AB65,"") -> EMP0237 Swarnendu Chakraborty | AH65: =if(AC65,if(and(hour(AC65+AH$7)>9.5,(hour(AC65+AH$7)<19.5)),AC65+AH$7,_xlfn.workday.intl(int(AC65),1,"0000001",Holidays!A:A)+hour(AC65+AH$7-$B$1)/24+minute(AC65)/1440),"") -> 46105.637 | AI65: 46105.45 | AJ65: Done | AK65: =IF(B65<>0,(if(AJ65="Pending",if($A$2>AH65,$A$2-AH65,0),if(AI65>AH65,AI65-AH65,0))),"") -> 0 | AL65: =IF(B65<>"",AG65,"") -> EMP0237 Swarnendu Chakraborty | AN65: Click Here
A66: =if($B66<>"",A65+1,"") -> 5017 | B66: 46101.767 | C66: CERTIFICATE | D66: GNSU | E66: https://drive.google.com/open?id=1Xf0gyFBKtCev4UopiyJ3_w7uuQiftSpV | G66: Final Certificate Second Semester ( 2nd Sem) PHD Doctor of Philosophy in Information Technology ( Ph.D in I.T.)_SE12 | H66: Change in logic, Change in design | I66: Smart-Exam | J66: DEEPAK KAYAL | L66: KINDLY PREPARE THE REPORT SAME AS SAMPLE FILE | M66: =if(B66,if(and(hour(B66+M$7)>9.5,(hour(B66+M$7)<19.5)),B66+M$7,_xlfn.workday.intl(int(B66),1,"0000001",Holidays!A:A)+hour(B66+M$7-$B$1)/24+minute(B66)/1440),"") -> 46104.517 | N66: 46101.775 | O66: Done | P66: =IF(B66<>0,(if(O66="Pending",if($A$2>M66,$A$2-M66,0),if(N66>M66,N66-M66,0))),"") -> 0 | Q66: EMP0237 Swarnendu Chakraborty | R66: Requirements Clear | S66: =if(M66,if(and(hour(M66+S$7)>9.5,(hour(M66+S$7)<19.5)),M66+S$7,_xlfn.workday.intl(int(M66),1,"0000001",Holidays!A:A)+hour(M66+S$7-$B$1)/24+minute(M66)/1440),"") -> 46104.524 | T66: 46101.775 | U66: Done | V66: =IF(B66<>0,(if(U66="Pending",if($A$2>S66,$A$2-S66,0),if(T66>S66,T66-S66,0))),"") -> 0 | W66: =IF(B66<>"",Q66,"") -> EMP0237 Swarnendu Chakraborty | X66: =if(S66,if(and(hour(S66+X$7)>9.5,(hour(S66+X$7)<19.5)),S66+X$7,_xlfn.workday.intl(int(S66),1,"0000001",Holidays!A:A)+hour(S66+X$7-$B$1)/24+minute(S66)/1440),"") -> 46104.628 | Y66: 46101.775 | Z66: Done | AA66: =IF(B66<>0,(if(Z66="Pending",if($AD$1>X66,$AD$1-X66,0),if(Y66>X66,Y66-X66,0))),"") -> 0 | AB66: =IF(B66<>"",W66,"") -> EMP0237 Swarnendu Chakraborty | AC66: =if(X66,_xlfn.WORKDAY.INTL(X66,AC$7,"0000001",Holidays!A:A)+hour(X66)/24+MINUTE(X66)/1440,"") -> 46105.628 | AD66: 46104.688 | AE66: Done | AF66: =IF(B66<>0,(if(AD66="Pending",if($A$2>AC66,$A$2-AC66,0),if(AD66>AC66,AD66-AC66,0))),"") -> 0 | AG66: =IF(B66<>"",AB66,"") -> EMP0237 Swarnendu Chakraborty | AH66: =if(AC66,if(and(hour(AC66+AH$7)>9.5,(hour(AC66+AH$7)<19.5)),AC66+AH$7,_xlfn.workday.intl(int(AC66),1,"0000001",Holidays!A:A)+hour(AC66+AH$7-$B$1)/24+minute(AC66)/1440),"") -> 46105.669 | AI66: 46105.45 | AJ66: Done | AK66: =IF(B66<>0,(if(AJ66="Pending",if($A$2>AH66,$A$2-AH66,0),if(AI66>AH66,AI66-AH66,0))),"") -> 0 | AL66: =IF(B66<>"",AG66,"") -> EMP0237 Swarnendu Chakraborty | AN66: Click Here
A67: =if($B67<>"",A66+1,"") -> 5018 | B67: 46104.641 | C67: CERTIFICATE | D67: GNSU | E67: https://drive.google.com/open?id=16PE_ljmTDQoTq8MdPFdAaLRFKTQ7gYfq | G67: Final Certificate Second Semester ( 2nd Sem) PHD Doctor of Philosophy in Information Technology ( Ph.D in I.T.)_SE12 | H67: Change in design | I67: Smart-Exam | J67: Deepak Kayal | L67: kindly add whereas and change font style of thesis title | M67: =if(B67,if(and(hour(B67+M$7)>9.5,(hour(B67+M$7)<19.5)),B67+M$7,_xlfn.workday.intl(int(B67),1,"0000001",Holidays!A:A)+hour(B67+M$7-$B$1)/24+minute(B67)/1440),"") -> 46104.808 | N67: 46104.653 | O67: Done | P67: =IF(B67<>0,(if(O67="Pending",if($A$2>M67,$A$2-M67,0),if(N67>M67,N67-M67,0))),"") -> 0 | Q67: EMP0042 HULESHWAR KUMAR SAHU | R67: Requirements Clear | S67: =if(M67,if(and(hour(M67+S$7)>9.5,(hour(M67+S$7)<19.5)),M67+S$7,_xlfn.workday.intl(int(M67),1,"0000001",Holidays!A:A)+hour(M67+S$7-$B$1)/24+minute(M67)/1440),"") -> 46104.815 | T67: 46104.653 | U67: Done | V67: =IF(B67<>0,(if(U67="Pending",if($A$2>S67,$A$2-S67,0),if(T67>S67,T67-S67,0))),"") -> 0 | W67: =IF(B67<>"",Q67,"") -> EMP0042 HULESHWAR KUMAR SAHU | X67: =if(S67,if(and(hour(S67+X$7)>9.5,(hour(S67+X$7)<19.5)),S67+X$7,_xlfn.workday.intl(int(S67),1,"0000001",Holidays!A:A)+hour(S67+X$7-$B$1)/24+minute(S67)/1440),"") -> 46105.523 | Y67: 46104.688 | Z67: Done | AA67: =IF(B67<>0,(if(Z67="Pending",if($AD$1>X67,$AD$1-X67,0),if(Y67>X67,Y67-X67,0))),"") -> 0 | AB67: =IF(B67<>"",W67,"") -> EMP0042 HULESHWAR KUMAR SAHU | AC67: =if(X67,_xlfn.WORKDAY.INTL(X67,AC$7,"0000001",Holidays!A:A)+hour(X67)/24+MINUTE(X67)/1440,"") -> 46106.523 | AD67: 46104.688 | AE67: Done | AF67: =IF(B67<>0,(if(AD67="Pending",if($A$2>AC67,$A$2-AC67,0),if(AD67>AC67,AD67-AC67,0))),"") -> 0 | AG67: =IF(B67<>"",AB67,"") -> EMP0042 HULESHWAR KUMAR SAHU | AH67: =if(AC67,if(and(hour(AC67+AH$7)>9.5,(hour(AC67+AH$7)<19.5)),AC67+AH$7,_xlfn.workday.intl(int(AC67),1,"0000001",Holidays!A:A)+hour(AC67+AH$7-$B$1)/24+minute(AC67)/1440),"") -> 46106.565 | AI67: 46104.736 | AJ67: Done | AK67: =IF(B67<>0,(if(AJ67="Pending",if($A$2>AH67,$A$2-AH67,0),if(AI67>AH67,AI67-AH67,0))),"") -> 0 | AL67: =IF(B67<>"",AG67,"") -> EMP0042 HULESHWAR KUMAR SAHU | AN67: Click Here
A68: =if($B68<>"",A67+1,"") -> 5019 | B68: 46104.663 | C68: MARKSHEET DMC 05 INTEREGATED 6TH SEM | D68: CBLU | E68: https://drive.google.com/open?id=10G8iRJLiXpTHgnHJO7WT1UHed7tQwIlP | G68: SEM SYLBUS COURSES | H68: Change in design | I68: Smart-Exam | J68: dinesh kumar | L68: URGENT | M68: =if(B68,if(and(hour(B68+M$7)>9.5,(hour(B68+M$7)<19.5)),B68+M$7,_xlfn.workday.intl(int(B68),1,"0000001",Holidays!A:A)+hour(B68+M$7-$B$1)/24+minute(B68)/1440),"") -> 46104.829 | N68: 46104.734 | O68: Done | P68: =IF(B68<>0,(if(O68="Pending",if($A$2>M68,$A$2-M68,0),if(N68>M68,N68-M68,0))),"") -> 0 | Q68: EMP0237 Swarnendu Chakraborty | R68: Requirements Clear | S68: =if(M68,if(and(hour(M68+S$7)>9.5,(hour(M68+S$7)<19.5)),M68+S$7,_xlfn.workday.intl(int(M68),1,"0000001",Holidays!A:A)+hour(M68+S$7-$B$1)/24+minute(M68)/1440),"") -> 46105.454 | T68: 46104.735 | U68: Done | V68: =IF(B68<>0,(if(U68="Pending",if($A$2>S68,$A$2-S68,0),if(T68>S68,T68-S68,0))),"") -> 0 | W68: =IF(B68<>"",Q68,"") -> EMP0237 Swarnendu Chakraborty | X68: =if(S68,if(and(hour(S68+X$7)>9.5,(hour(S68+X$7)<19.5)),S68+X$7,_xlfn.workday.intl(int(S68),1,"0000001",Holidays!A:A)+hour(S68+X$7-$B$1)/24+minute(S68)/1440),"") -> 46105.558 | Y68: 46104.735 | Z68: Done | AA68: =IF(B68<>0,(if(Z68="Pending",if($AD$1>X68,$AD$1-X68,0),if(Y68>X68,Y68-X68,0))),"") -> 0 | AB68: =IF(B68<>"",W68,"") -> EMP0237 Swarnendu Chakraborty | AC68: =if(X68,_xlfn.WORKDAY.INTL(X68,AC$7,"0000001",Holidays!A:A)+hour(X68)/24+MINUTE(X68)/1440,"") -> 46106.558 | AD68: 46104.736 | AE68: Done | AF68: =IF(B68<>0,(if(AD68="Pending",if($A$2>AC68,$A$2-AC68,0),if(AD68>AC68,AD68-AC68,0))),"") -> 0 | AG68: =IF(B68<>"",AB68,"") -> EMP0237 Swarnendu Chakraborty | AH68: =if(AC68,if(and(hour(AC68+AH$7)>9.5,(hour(AC68+AH$7)<19.5)),AC68+AH$7,_xlfn.workday.intl(int(AC68),1,"0000001",Holidays!A:A)+hour(AC68+AH$7-$B$1)/24+minute(AC68)/1440),"") -> 46106.6 | AI68: 46105.696 | AJ68: Done | AK68: =IF(B68<>0,(if(AJ68="Pending",if($A$2>AH68,$A$2-AH68,0),if(AI68>AH68,AI68-AH68,0))),"") -> 0 | AL68: =IF(B68<>"",AG68,"") -> EMP0237 Swarnendu Chakraborty | AN68: Click Here
A69: =if($B69<>"",A68+1,"") -> 5020 | B69: 46104.718 | C69: Marksheet please upate the logo and signeture | D69: SU | E69: https://drive.google.com/open?id=1_VyVqCpHtMvkxHsri7dfjSj5hyiVTjYO | G69: admin | H69: Other changes | I69: Smart-Exam | J69: Khaleshwar | L69: plaese update the old marksheet logo and singahneture old and new | M69: =if(B69,if(and(hour(B69+M$7)>9.5,(hour(B69+M$7)<19.5)),B69+M$7,_xlfn.workday.intl(int(B69),1,"0000001",Holidays!A:A)+hour(B69+M$7-$B$1)/24+minute(B69)/1440),"") -> 46105.468 | N69: 46104.734 | O69: Done | P69: =IF(B69<>0,(if(O69="Pending",if($A$2>M69,$A$2-M69,0),if(N69>M69,N69-M69,0))),"") -> 0 | Q69: EMP5009 Rup Kumar Mandal | R69: Requirements Clear | S69: =if(M69,if(and(hour(M69+S$7)>9.5,(hour(M69+S$7)<19.5)),M69+S$7,_xlfn.workday.intl(int(M69),1,"0000001",Holidays!A:A)+hour(M69+S$7-$B$1)/24+minute(M69)/1440),"") -> 46105.475 | T69: 46104.735 | U69: Done | V69: =IF(B69<>0,(if(U69="Pending",if($A$2>S69,$A$2-S69,0),if(T69>S69,T69-S69,0))),"") -> 0 | W69: =IF(B69<>"",Q69,"") -> EMP5009 Rup Kumar Mandal | X69: =if(S69,if(and(hour(S69+X$7)>9.5,(hour(S69+X$7)<19.5)),S69+X$7,_xlfn.workday.intl(int(S69),1,"0000001",Holidays!A:A)+hour(S69+X$7-$B$1)/24+minute(S69)/1440),"") -> 46105.579 | Y69: 46104.735 | Z69: Done | AA69: =IF(B69<>0,(if(Z69="Pending",if($AD$1>X69,$AD$1-X69,0),if(Y69>X69,Y69-X69,0))),"") -> 0 | AB69: =IF(B69<>"",W69,"") -> EMP5009 Rup Kumar Mandal | AC69: =if(X69,_xlfn.WORKDAY.INTL(X69,AC$7,"0000001",Holidays!A:A)+hour(X69)/24+MINUTE(X69)/1440,"") -> 46106.579 | AD69: 46104.736 | AE69: Done | AF69: =IF(B69<>0,(if(AD69="Pending",if($A$2>AC69,$A$2-AC69,0),if(AD69>AC69,AD69-AC69,0))),"") -> 0 | AG69: =IF(B69<>"",AB69,"") -> EMP5009 Rup Kumar Mandal | AH69: =if(AC69,if(and(hour(AC69+AH$7)>9.5,(hour(AC69+AH$7)<19.5)),AC69+AH$7,_xlfn.workday.intl(int(AC69),1,"0000001",Holidays!A:A)+hour(AC69+AH$7-$B$1)/24+minute(AC69)/1440),"") -> 46106.621 | AI69: 46106.485 | AJ69: Done | AK69: =IF(B69<>0,(if(AJ69="Pending",if($A$2>AH69,$A$2-AH69,0),if(AI69>AH69,AI69-AH69,0))),"") -> 0 | AL69: =IF(B69<>"",AG69,"") -> EMP5009 Rup Kumar Mandal | AN69: Click Here
A70: =if($B70<>"",A69+1,"") -> 5021 | B70: 46105.694 | C70: MArksheet correction acoding to atteched file and dicsuction | D70: SU | E70: https://drive.google.com/open?id=1ZqB2hT71_QstNCfaflcp-nJkubVIARd5 | G70: admin | H70: Other changes | I70: Smart-Exam | J70: Khaleshwar | L70: ad | M70: =if(B70,if(and(hour(B70+M$7)>9.5,(hour(B70+M$7)<19.5)),B70+M$7,_xlfn.workday.intl(int(B70),1,"0000001",Holidays!A:A)+hour(B70+M$7-$B$1)/24+minute(B70)/1440),"") -> 46106.443 | N70: 46105.696 | O70: Done | P70: =IF(B70<>0,(if(O70="Pending",if($A$2>M70,$A$2-M70,0),if(N70>M70,N70-M70,0))),"") -> 0 | Q70: EMP0237 Swarnendu Chakraborty | R70: Requirements Clear | S70: =if(M70,if(and(hour(M70+S$7)>9.5,(hour(M70+S$7)<19.5)),M70+S$7,_xlfn.workday.intl(int(M70),1,"0000001",Holidays!A:A)+hour(M70+S$7-$B$1)/24+minute(M70)/1440),"") -> 46106.45 | T70: 46105.696 | U70: Done | V70: =IF(B70<>0,(if(U70="Pending",if($A$2>S70,$A$2-S70,0),if(T70>S70,T70-S70,0))),"") -> 0 | W70: =IF(B70<>"",Q70,"") -> EMP0237 Swarnendu Chakraborty | X70: =if(S70,if(and(hour(S70+X$7)>9.5,(hour(S70+X$7)<19.5)),S70+X$7,_xlfn.workday.intl(int(S70),1,"0000001",Holidays!A:A)+hour(S70+X$7-$B$1)/24+minute(S70)/1440),"") -> 46106.554 | Y70: 46105.778 | Z70: Done | AA70: =IF(B70<>0,(if(Z70="Pending",if($AD$1>X70,$AD$1-X70,0),if(Y70>X70,Y70-X70,0))),"") -> 0 | AB70: =IF(B70<>"",W70,"") -> EMP0237 Swarnendu Chakraborty | AC70: =if(X70,_xlfn.WORKDAY.INTL(X70,AC$7,"0000001",Holidays!A:A)+hour(X70)/24+MINUTE(X70)/1440,"") -> 46107.554 | AD70: 46106.526 | AE70: Done | AF70: =IF(B70<>0,(if(AD70="Pending",if($A$2>AC70,$A$2-AC70,0),if(AD70>AC70,AD70-AC70,0))),"") -> 0 | AG70: =IF(B70<>"",AB70,"") -> EMP0237 Swarnendu Chakraborty | AH70: =if(AC70,if(and(hour(AC70+AH$7)>9.5,(hour(AC70+AH$7)<19.5)),AC70+AH$7,_xlfn.workday.intl(int(AC70),1,"0000001",Holidays!A:A)+hour(AC70+AH$7-$B$1)/24+minute(AC70)/1440),"") -> 46107.596 | AI70: 46106.662 | AJ70: Done | AK70: =IF(B70<>0,(if(AJ70="Pending",if($A$2>AH70,$A$2-AH70,0),if(AI70>AH70,AI70-AH70,0))),"") -> 0 | AL70: =IF(B70<>"",AG70,"") -> EMP0237 Swarnendu Chakraborty | AN70: Click Here
A71: =if($B71<>"",A70+1,"") -> 5022 | B71: 46106.462 | C71: TR | D71: SMKV | E71: https://drive.google.com/open?id=1svY0AgfwqFiVVLW9ajQ_ZbABli5DFt3u | G71: Course | H71: Change in logic | I71: Smart-Exam | J71: Rohit Singh | L71: If TR type 101 is found in TR Rootmaster, then Promoted should be shown as ATKT and Detained should be shown as Fail. | M71: =if(B71,if(and(hour(B71+M$7)>9.5,(hour(B71+M$7)<19.5)),B71+M$7,_xlfn.workday.intl(int(B71),1,"0000001",Holidays!A:A)+hour(B71+M$7-$B$1)/24+minute(B71)/1440),"") -> 46106.629 | N71: 46106.484 | O71: Done | P71: =IF(B71<>0,(if(O71="Pending",if($A$2>M71,$A$2-M71,0),if(N71>M71,N71-M71,0))),"") -> 0 | Q71: EMP0042 HULESHWAR KUMAR SAHU | R71: Requirements Clear | S71: =if(M71,if(and(hour(M71+S$7)>9.5,(hour(M71+S$7)<19.5)),M71+S$7,_xlfn.workday.intl(int(M71),1,"0000001",Holidays!A:A)+hour(M71+S$7-$B$1)/24+minute(M71)/1440),"") -> 46106.636 | T71: 46106.485 | U71: Done | V71: =IF(B71<>0,(if(U71="Pending",if($A$2>S71,$A$2-S71,0),if(T71>S71,T71-S71,0))),"") -> 0 | W71: =IF(B71<>"",Q71,"") -> EMP0042 HULESHWAR KUMAR SAHU | X71: =if(S71,if(and(hour(S71+X$7)>9.5,(hour(S71+X$7)<19.5)),S71+X$7,_xlfn.workday.intl(int(S71),1,"0000001",Holidays!A:A)+hour(S71+X$7-$B$1)/24+minute(S71)/1440),"") -> 46106.74 | Y71: 46106.636 | Z71: Done | AA71: =IF(B71<>0,(if(Z71="Pending",if($AD$1>X71,$AD$1-X71,0),if(Y71>X71,Y71-X71,0))),"") -> 0 | AB71: =IF(B71<>"",W71,"") -> EMP0042 HULESHWAR KUMAR SAHU | AC71: =if(X71,_xlfn.WORKDAY.INTL(X71,AC$7,"0000001",Holidays!A:A)+hour(X71)/24+MINUTE(X71)/1440,"") -> 46107.74 | AD71: 46106.597 | AE71: Done | AF71: =IF(B71<>0,(if(AD71="Pending",if($A$2>AC71,$A$2-AC71,0),if(AD71>AC71,AD71-AC71,0))),"") -> 0 | AG71: =IF(B71<>"",AB71,"") -> EMP0042 HULESHWAR KUMAR SAHU | AH71: =if(AC71,if(and(hour(AC71+AH$7)>9.5,(hour(AC71+AH$7)<19.5)),AC71+AH$7,_xlfn.workday.intl(int(AC71),1,"0000001",Holidays!A:A)+hour(AC71+AH$7-$B$1)/24+minute(AC71)/1440),"") -> 46107.781 | AI71: 46106.597 | AJ71: Done | AK71: =IF(B71<>0,(if(AJ71="Pending",if($A$2>AH71,$A$2-AH71,0),if(AI71>AH71,AI71-AH71,0))),"") -> 0 | AL71: =IF(B71<>"",AG71,"") -> EMP0042 HULESHWAR KUMAR SAHU | AN71: Click Here
A72: =if($B72<>"",A71+1,"") -> 5023 | B72: 46106.632 | C72: Mark Is Greater Than Max mark(Step 7) First Semester ( Sem - 1) BACHELOR OF COMMERCE B.COM_SE02 | D72: igu | E72: https://drive.google.com/open?id=1_yvxiGW26KSvDtQFCTCDckGxLnMW-Uss | G72: Mark Is Greater Than Max mark(Step 7) First Semester ( Sem - 1) BACHELOR OF COMMERCE B.COM_SE02 | H72: Report not downloading | I72: Smart-Exam | J72: chintu singh | L72: Mark Is Greater Than Max mark(Step 7) First Semester ( Sem - 1) BACHELOR OF COMMERCE B.COM_SE02 | M72: =if(B72,if(and(hour(B72+M$7)>9.5,(hour(B72+M$7)<19.5)),B72+M$7,_xlfn.workday.intl(int(B72),1,"0000001",Holidays!A:A)+hour(B72+M$7-$B$1)/24+minute(B72)/1440),"") -> 46106.799 | N72: 46106.636 | O72: Done | P72: =IF(B72<>0,(if(O72="Pending",if($A$2>M72,$A$2-M72,0),if(N72>M72,N72-M72,0))),"") -> 0 | Q72: EMP0237 Swarnendu Chakraborty | R72: Requirements Clear | S72: =if(M72,if(and(hour(M72+S$7)>9.5,(hour(M72+S$7)<19.5)),M72+S$7,_xlfn.workday.intl(int(M72),1,"0000001",Holidays!A:A)+hour(M72+S$7-$B$1)/24+minute(M72)/1440),"") -> 46106.806 | T72: 46106.636 | U72: Done | V72: =IF(B72<>0,(if(U72="Pending",if($A$2>S72,$A$2-S72,0),if(T72>S72,T72-S72,0))),"") -> 0 | W72: =IF(B72<>"",Q72,"") -> EMP0237 Swarnendu Chakraborty | X72: =if(S72,if(and(hour(S72+X$7)>9.5,(hour(S72+X$7)<19.5)),S72+X$7,_xlfn.workday.intl(int(S72),1,"0000001",Holidays!A:A)+hour(S72+X$7-$B$1)/24+minute(S72)/1440),"") -> 46107.472 | Y72: 46106.636 | Z72: Done | AA72: =IF(B72<>0,(if(Z72="Pending",if($AD$1>X72,$AD$1-X72,0),if(Y72>X72,Y72-X72,0))),"") -> 0 | AB72: =IF(B72<>"",W72,"") -> EMP0237 Swarnendu Chakraborty | AC72: =if(X72,_xlfn.WORKDAY.INTL(X72,AC$7,"0000001",Holidays!A:A)+hour(X72)/24+MINUTE(X72)/1440,"") -> 46108.472 | AD72: 46106.662 | AE72: Done | AF72: =IF(B72<>0,(if(AD72="Pending",if($A$2>AC72,$A$2-AC72,0),if(AD72>AC72,AD72-AC72,0))),"") -> 0 | AG72: =IF(B72<>"",AB72,"") -> EMP0237 Swarnendu Chakraborty | AH72: =if(AC72,if(and(hour(AC72+AH$7)>9.5,(hour(AC72+AH$7)<19.5)),AC72+AH$7,_xlfn.workday.intl(int(AC72),1,"0000001",Holidays!A:A)+hour(AC72+AH$7-$B$1)/24+minute(AC72)/1440),"") -> 46108.514 | AI72: 46106.662 | AJ72: Done | AK72: =IF(B72<>0,(if(AJ72="Pending",if($A$2>AH72,$A$2-AH72,0),if(AI72>AH72,AI72-AH72,0))),"") -> 0 | AL72: =IF(B72<>"",AG72,"") -> EMP0237 Swarnendu Chakraborty | AN72: Click Here
A73: =if($B73<>"",A72+1,"") -> 5024 | B73: 46106.637 | C73: Multiple reports | D73: Sgbau | E73: https://drive.google.com/open?id=1-NTqCYyiDlMw6l4N4ucfVgUbvnfYPgG9 | G73: Marksheet Bsc single | H73: Other changes | I73: Smart-Exam | J73: Akshay jaltare | L73: Grace issue | M73: =if(B73,if(and(hour(B73+M$7)>9.5,(hour(B73+M$7)<19.5)),B73+M$7,_xlfn.workday.intl(int(B73),1,"0000001",Holidays!A:A)+hour(B73+M$7-$B$1)/24+minute(B73)/1440),"") -> 46106.803 | N73: 46106.684 | O73: Done | P73: =IF(B73<>0,(if(O73="Pending",if($A$2>M73,$A$2-M73,0),if(N73>M73,N73-M73,0))),"") -> 0 | Q73: EMP0042 HULESHWAR KUMAR SAHU | R73: Requirements Clear | S73: =if(M73,if(and(hour(M73+S$7)>9.5,(hour(M73+S$7)<19.5)),M73+S$7,_xlfn.workday.intl(int(M73),1,"0000001",Holidays!A:A)+hour(M73+S$7-$B$1)/24+minute(M73)/1440),"") -> 46106.81 | T73: 46106.684 | U73: Done | V73: =IF(B73<>0,(if(U73="Pending",if($A$2>S73,$A$2-S73,0),if(T73>S73,T73-S73,0))),"") -> 0 | W73: =IF(B73<>"",Q73,"") -> EMP0042 HULESHWAR KUMAR SAHU | X73: =if(S73,if(and(hour(S73+X$7)>9.5,(hour(S73+X$7)<19.5)),S73+X$7,_xlfn.workday.intl(int(S73),1,"0000001",Holidays!A:A)+hour(S73+X$7-$B$1)/24+minute(S73)/1440),"") -> 46107.476 | Y73: 46106.684 | Z73: Done | AA73: =IF(B73<>0,(if(Z73="Pending",if($AD$1>X73,$AD$1-X73,0),if(Y73>X73,Y73-X73,0))),"") -> 0 | AB73: =IF(B73<>"",W73,"") -> EMP0042 HULESHWAR KUMAR SAHU | AC73: =if(X73,_xlfn.WORKDAY.INTL(X73,AC$7,"0000001",Holidays!A:A)+hour(X73)/24+MINUTE(X73)/1440,"") -> 46108.476 | AD73: 46106.756 | AE73: Done | AF73: =IF(B73<>0,(if(AD73="Pending",if($A$2>AC73,$A$2-AC73,0),if(AD73>AC73,AD73-AC73,0))),"") -> 0 | AG73: =IF(B73<>"",AB73,"") -> EMP0042 HULESHWAR KUMAR SAHU | AH73: =if(AC73,if(and(hour(AC73+AH$7)>9.5,(hour(AC73+AH$7)<19.5)),AC73+AH$7,_xlfn.workday.intl(int(AC73),1,"0000001",Holidays!A:A)+hour(AC73+AH$7-$B$1)/24+minute(AC73)/1440),"") -> 46108.518 | AI73: 46106.756 | AJ73: Done | AK73: =IF(B73<>0,(if(AJ73="Pending",if($A$2>AH73,$A$2-AH73,0),if(AI73>AH73,AI73-AH73,0))),"") -> 0 | AL73: =IF(B73<>"",AG73,"") -> EMP0042 HULESHWAR KUMAR SAHU | AN73: Click Here
A74: =if($B74<>"",A73+1,"") -> 5025 | B74: 46106.71 | C74: TR Format (Grading / Non-Grading) | D74: MZU | E74: https://drive.google.com/open?id=111QkpQNB9U22z9-CVlrkMWGyvP6AxT6D | G74: COURSE CODE,STYPE | H74: Change in logic | I74: Smart-Exam | J74: TAPAS MAZUMDAR | M74: =if(B74,if(and(hour(B74+M$7)>9.5,(hour(B74+M$7)<19.5)),B74+M$7,_xlfn.workday.intl(int(B74),1,"0000001",Holidays!A:A)+hour(B74+M$7-$B$1)/24+minute(B74)/1440),"") -> 46107.46 | N74: 46106.756 | O74: Done | P74: =IF(B74<>0,(if(O74="Pending",if($A$2>M74,$A$2-M74,0),if(N74>M74,N74-M74,0))),"") -> 0 | Q74: EMP5009 Rup Kumar Mandal | R74: Requirements Clear | S74: =if(M74,if(and(hour(M74+S$7)>9.5,(hour(M74+S$7)<19.5)),M74+S$7,_xlfn.workday.intl(int(M74),1,"0000001",Holidays!A:A)+hour(M74+S$7-$B$1)/24+minute(M74)/1440),"") -> 46107.467 | T74: 46106.756 | U74: Done | V74: =IF(B74<>0,(if(U74="Pending",if($A$2>S74,$A$2-S74,0),if(T74>S74,T74-S74,0))),"") -> 0 | W74: =IF(B74<>"",Q74,"") -> EMP5009 Rup Kumar Mandal | X74: =if(S74,if(and(hour(S74+X$7)>9.5,(hour(S74+X$7)<19.5)),S74+X$7,_xlfn.workday.intl(int(S74),1,"0000001",Holidays!A:A)+hour(S74+X$7-$B$1)/24+minute(S74)/1440),"") -> 46107.572 | Y74: 46106.756 | Z74: Done | AA74: =IF(B74<>0,(if(Z74="Pending",if($AD$1>X74,$AD$1-X74,0),if(Y74>X74,Y74-X74,0))),"") -> 0 | AB74: =IF(B74<>"",W74,"") -> EMP5009 Rup Kumar Mandal | AC74: =if(X74,_xlfn.WORKDAY.INTL(X74,AC$7,"0000001",Holidays!A:A)+hour(X74)/24+MINUTE(X74)/1440,"") -> 46108.572 | AD74: 46107.476 | AE74: Done | AF74: =IF(B74<>0,(if(AD74="Pending",if($A$2>AC74,$A$2-AC74,0),if(AD74>AC74,AD74-AC74,0))),"") -> 0 | AG74: =IF(B74<>"",AB74,"") -> EMP5009 Rup Kumar Mandal | AH74: =if(AC74,if(and(hour(AC74+AH$7)>9.5,(hour(AC74+AH$7)<19.5)),AC74+AH$7,_xlfn.workday.intl(int(AC74),1,"0000001",Holidays!A:A)+hour(AC74+AH$7-$B$1)/24+minute(AC74)/1440),"") -> 46108.613 | AI74: 46107.476 | AJ74: Done | AK74: =IF(B74<>0,(if(AJ74="Pending",if($A$2>AH74,$A$2-AH74,0),if(AI74>AH74,AI74-AH74,0))),"") -> 0 | AL74: =IF(B74<>"",AG74,"") -> EMP5009 Rup Kumar Mandal | AN74: Click Here
A75: =if($B75<>"",A74+1,"") -> 5026 | B75: 46106.718 | C75: Grade Card NEP (PG) | D75: MZU | E75: https://drive.google.com/open?id=1SBmjawBEPjNisTfNne3lXu3P1P3yipJX | G75: COURSE, STYPE | H75: Change in logic | I75: Smart-Exam | J75: TAPAS MAZUMDAR | M75: =if(B75,if(and(hour(B75+M$7)>9.5,(hour(B75+M$7)<19.5)),B75+M$7,_xlfn.workday.intl(int(B75),1,"0000001",Holidays!A:A)+hour(B75+M$7-$B$1)/24+minute(B75)/1440),"") -> 46107.468 | N75: 46106.756 | O75: Done | P75: =IF(B75<>0,(if(O75="Pending",if($A$2>M75,$A$2-M75,0),if(N75>M75,N75-M75,0))),"") -> 0 | Q75: EMP5009 Rup Kumar Mandal | R75: Requirements Clear | S75: =if(M75,if(and(hour(M75+S$7)>9.5,(hour(M75+S$7)<19.5)),M75+S$7,_xlfn.workday.intl(int(M75),1,"0000001",Holidays!A:A)+hour(M75+S$7-$B$1)/24+minute(M75)/1440),"") -> 46107.475 | T75: 46106.756 | U75: Done | V75: =IF(B75<>0,(if(U75="Pending",if($A$2>S75,$A$2-S75,0),if(T75>S75,T75-S75,0))),"") -> 0 | W75: =IF(B75<>"",Q75,"") -> EMP5009 Rup Kumar Mandal | X75: =if(S75,if(and(hour(S75+X$7)>9.5,(hour(S75+X$7)<19.5)),S75+X$7,_xlfn.workday.intl(int(S75),1,"0000001",Holidays!A:A)+hour(S75+X$7-$B$1)/24+minute(S75)/1440),"") -> 46107.579 | Y75: 46106.756 | Z75: Done | AA75: =IF(B75<>0,(if(Z75="Pending",if($AD$1>X75,$AD$1-X75,0),if(Y75>X75,Y75-X75,0))),"") -> 0 | AB75: =IF(B75<>"",W75,"") -> EMP5009 Rup Kumar Mandal | AC75: =if(X75,_xlfn.WORKDAY.INTL(X75,AC$7,"0000001",Holidays!A:A)+hour(X75)/24+MINUTE(X75)/1440,"") -> 46108.579 | AD75: 46107.476 | AE75: Done | AF75: =IF(B75<>0,(if(AD75="Pending",if($A$2>AC75,$A$2-AC75,0),if(AD75>AC75,AD75-AC75,0))),"") -> 0 | AG75: =IF(B75<>"",AB75,"") -> EMP5009 Rup Kumar Mandal | AH75: =if(AC75,if(and(hour(AC75+AH$7)>9.5,(hour(AC75+AH$7)<19.5)),AC75+AH$7,_xlfn.workday.intl(int(AC75),1,"0000001",Holidays!A:A)+hour(AC75+AH$7-$B$1)/24+minute(AC75)/1440),"") -> 46108.621 | AI75: 46107.476 | AJ75: Done | AK75: =IF(B75<>0,(if(AJ75="Pending",if($A$2>AH75,$A$2-AH75,0),if(AI75>AH75,AI75-AH75,0))),"") -> 0 | AL75: =IF(B75<>"",AG75,"") -> EMP5009 Rup Kumar Mandal | AN75: Click Here
A76: =if($B76<>"",A75+1,"") -> 5027 | B76: 46107.481 | C76: Result Recomendation | D76: SMKV Bastar | E76: https://drive.google.com/open?id=1SOOKNqsrN_PCOSfN7HlDR02KMKjkfnJb | G76: faculty, recomended date | H76: Other changes | I76: UCanApply | J76: Satish Kumar | L76: Please update the faculty wise recomended date wise | M76: =if(B76,if(and(hour(B76+M$7)>9.5,(hour(B76+M$7)<19.5)),B76+M$7,_xlfn.workday.intl(int(B76),1,"0000001",Holidays!A:A)+hour(B76+M$7-$B$1)/24+minute(B76)/1440),"") -> 46107.648 | N76: 46107.488 | O76: Done | P76: =IF(B76<>0,(if(O76="Pending",if($A$2>M76,$A$2-M76,0),if(N76>M76,N76-M76,0))),"") -> 0 | Q76: EMP0042 HULESHWAR KUMAR SAHU | R76: Requirements Clear | S76: =if(M76,if(and(hour(M76+S$7)>9.5,(hour(M76+S$7)<19.5)),M76+S$7,_xlfn.workday.intl(int(M76),1,"0000001",Holidays!A:A)+hour(M76+S$7-$B$1)/24+minute(M76)/1440),"") -> 46107.655 | T76: 46107.488 | U76: Done | V76: =IF(B76<>0,(if(U76="Pending",if($A$2>S76,$A$2-S76,0),if(T76>S76,T76-S76,0))),"") -> 0 | W76: =IF(B76<>"",Q76,"") -> EMP0042 HULESHWAR KUMAR SAHU | X76: =if(S76,if(and(hour(S76+X$7)>9.5,(hour(S76+X$7)<19.5)),S76+X$7,_xlfn.workday.intl(int(S76),1,"0000001",Holidays!A:A)+hour(S76+X$7-$B$1)/24+minute(S76)/1440),"") -> 46107.759 | Y76: 46107.584 | Z76: Done | AA76: =IF(B76<>0,(if(Z76="Pending",if($AD$1>X76,$AD$1-X76,0),if(Y76>X76,Y76-X76,0))),"") -> 0 | AB76: =IF(B76<>"",W76,"") -> EMP0042 HULESHWAR KUMAR SAHU | AC76: =if(X76,_xlfn.WORKDAY.INTL(X76,AC$7,"0000001",Holidays!A:A)+hour(X76)/24+MINUTE(X76)/1440,"") -> 46108.758 | AD76: 46108.615 | AE76: Done | AF76: =IF(B76<>0,(if(AD76="Pending",if($A$2>AC76,$A$2-AC76,0),if(AD76>AC76,AD76-AC76,0))),"") -> 0 | AG76: =IF(B76<>"",AB76,"") -> EMP0042 HULESHWAR KUMAR SAHU | AH76: =if(AC76,if(and(hour(AC76+AH$7)>9.5,(hour(AC76+AH$7)<19.5)),AC76+AH$7,_xlfn.workday.intl(int(AC76),1,"0000001",Holidays!A:A)+hour(AC76+AH$7-$B$1)/24+minute(AC76)/1440),"") -> 46108.8 | AI76: 46108.584 | AJ76: Done | AK76: =IF(B76<>0,(if(AJ76="Pending",if($A$2>AH76,$A$2-AH76,0),if(AI76>AH76,AI76-AH76,0))),"") -> 0 | AL76: =IF(B76<>"",AG76,"") -> EMP0042 HULESHWAR KUMAR SAHU | AN76: Click Here
A77: =if($B77<>"",A76+1,"") -> 5028 | B77: 46107.505 | C77: ENROLLMENT REPORT | D77: HYU, DURG | E77: https://drive.google.com/open?id=13mr4DKlWrWqdVx19MazGtQFm6XI0xHw3 | F77: https://drive.google.com/open?id=1EaSdtmPUKsQkqDtlyuTrNNcJlaf4-4RL | G77: COURSE/COLLEGE | H77: Other changes | I77: Smart-Exam | J77: AMIT YADU | L77: OLD SESSION ENROLLED STUDENT ALSO COMING IN CURRENT SESSION REPORT IN ENROLLMENT EXCEL FORMAT | M77: =if(B77,if(and(hour(B77+M$7)>9.5,(hour(B77+M$7)<19.5)),B77+M$7,_xlfn.workday.intl(int(B77),1,"0000001",Holidays!A:A)+hour(B77+M$7-$B$1)/24+minute(B77)/1440),"") -> 46107.671 | N77: 46107.584 | O77: Done | P77: =IF(B77<>0,(if(O77="Pending",if($A$2>M77,$A$2-M77,0),if(N77>M77,N77-M77,0))),"") -> 0 | Q77: EMP5009 Rup Kumar Mandal | R77: Requirements Clear | S77: =if(M77,if(and(hour(M77+S$7)>9.5,(hour(M77+S$7)<19.5)),M77+S$7,_xlfn.workday.intl(int(M77),1,"0000001",Holidays!A:A)+hour(M77+S$7-$B$1)/24+minute(M77)/1440),"") -> 46107.678 | T77: 46107.584 | U77: Done | V77: =IF(B77<>0,(if(U77="Pending",if($A$2>S77,$A$2-S77,0),if(T77>S77,T77-S77,0))),"") -> 0 | W77: =IF(B77<>"",Q77,"") -> EMP5009 Rup Kumar Mandal | X77: =if(S77,if(and(hour(S77+X$7)>9.5,(hour(S77+X$7)<19.5)),S77+X$7,_xlfn.workday.intl(int(S77),1,"0000001",Holidays!A:A)+hour(S77+X$7-$B$1)/24+minute(S77)/1440),"") -> 46107.782 | Y77: 46107.584 | Z77: Done | AA77: =IF(B77<>0,(if(Z77="Pending",if($AD$1>X77,$AD$1-X77,0),if(Y77>X77,Y77-X77,0))),"") -> 0 | AB77: =IF(B77<>"",W77,"") -> EMP5009 Rup Kumar Mandal | AC77: =if(X77,_xlfn.WORKDAY.INTL(X77,AC$7,"0000001",Holidays!A:A)+hour(X77)/24+MINUTE(X77)/1440,"") -> 46108.782 | AD77: 46108.615 | AE77: Done | AF77: =IF(B77<>0,(if(AD77="Pending",if($A$2>AC77,$A$2-AC77,0),if(AD77>AC77,AD77-AC77,0))),"") -> 0 | AG77: =IF(B77<>"",AB77,"") -> EMP5009 Rup Kumar Mandal | AH77: =if(AC77,if(and(hour(AC77+AH$7)>9.5,(hour(AC77+AH$7)<19.5)),AC77+AH$7,_xlfn.workday.intl(int(AC77),1,"0000001",Holidays!A:A)+hour(AC77+AH$7-$B$1)/24+minute(AC77)/1440),"") -> 46108.824 | AI77: 46108.584 | AJ77: Done | AK77: =IF(B77<>0,(if(AJ77="Pending",if($A$2>AH77,$A$2-AH77,0),if(AI77>AH77,AI77-AH77,0))),"") -> 0 | AL77: =IF(B77<>"",AG77,"") -> EMP5009 Rup Kumar Mandal | AN77: Click Here
A78: =if($B78<>"",A77+1,"") -> 5029 | B78: 46107.509 | C78: ENROLLMENT REPORT | D78: HYU, DURG | E78: https://drive.google.com/open?id=1KuKFHZNwYD9YzaltDek9gbOzMtkakZf2 | F78: https://drive.google.com/open?id=1bqg6WGUNc3E_Wbkxn4ct0mD0bnI3Vyk1 | G78: COURSE/COLLEGE | H78: Other changes | I78: Smart-Exam | J78: AMITYADU | L78: ABC ID HAVE TO PUT IN ENROLLMENT REPORT (BOTH EXCEL & PDF FORMAT) | M78: =if(B78,if(and(hour(B78+M$7)>9.5,(hour(B78+M$7)<19.5)),B78+M$7,_xlfn.workday.intl(int(B78),1,"0000001",Holidays!A:A)+hour(B78+M$7-$B$1)/24+minute(B78)/1440),"") -> 46107.676 | N78: 46107.584 | O78: Done | P78: =IF(B78<>0,(if(O78="Pending",if($A$2>M78,$A$2-M78,0),if(N78>M78,N78-M78,0))),"") -> 0 | Q78: EMP5009 Rup Kumar Mandal | R78: Requirements Clear | S78: =if(M78,if(and(hour(M78+S$7)>9.5,(hour(M78+S$7)<19.5)),M78+S$7,_xlfn.workday.intl(int(M78),1,"0000001",Holidays!A:A)+hour(M78+S$7-$B$1)/24+minute(M78)/1440),"") -> 46107.683 | T78: 46107.584 | U78: Done | V78: =IF(B78<>0,(if(U78="Pending",if($A$2>S78,$A$2-S78,0),if(T78>S78,T78-S78,0))),"") -> 0 | W78: =IF(B78<>"",Q78,"") -> EMP5009 Rup Kumar Mandal | X78: =if(S78,if(and(hour(S78+X$7)>9.5,(hour(S78+X$7)<19.5)),S78+X$7,_xlfn.workday.intl(int(S78),1,"0000001",Holidays!A:A)+hour(S78+X$7-$B$1)/24+minute(S78)/1440),"") -> 46107.787 | Y78: 46107.584 | Z78: Done | AA78: =IF(B78<>0,(if(Z78="Pending",if($AD$1>X78,$AD$1-X78,0),if(Y78>X78,Y78-X78,0))),"") -> 0 | AB78: =IF(B78<>"",W78,"") -> EMP5009 Rup Kumar Mandal | AC78: =if(X78,_xlfn.WORKDAY.INTL(X78,AC$7,"0000001",Holidays!A:A)+hour(X78)/24+MINUTE(X78)/1440,"") -> 46108.787 | AD78: 46108.584 | AE78: Done | AF78: =IF(B78<>0,(if(AD78="Pending",if($A$2>AC78,$A$2-AC78,0),if(AD78>AC78,AD78-AC78,0))),"") -> 0 | AG78: =IF(B78<>"",AB78,"") -> EMP5009 Rup Kumar Mandal | AH78: =if(AC78,if(and(hour(AC78+AH$7)>9.5,(hour(AC78+AH$7)<19.5)),AC78+AH$7,_xlfn.workday.intl(int(AC78),1,"0000001",Holidays!A:A)+hour(AC78+AH$7-$B$1)/24+minute(AC78)/1440),"") -> 46108.828 | AI78: 46108.584 | AJ78: Done | AK78: =IF(B78<>0,(if(AJ78="Pending",if($A$2>AH78,$A$2-AH78,0),if(AI78>AH78,AI78-AH78,0))),"") -> 0 | AL78: =IF(B78<>"",AG78,"") -> EMP5009 Rup Kumar Mandal | AN78: Click Here
A79: =if($B79<>"",A78+1,"") -> 5030 | B79: 46107.533 | C79: The course name should be taken from the main header in all result reports. | D79: SU | E79: https://drive.google.com/open?id=12uM0mtJbjdbhkiCrqfHal_GF-7j8EVll | G79: admin | H79: Other changes | I79: Smart-Exam | J79: Khaleshwar | L79: ad | M79: =if(B79,if(and(hour(B79+M$7)>9.5,(hour(B79+M$7)<19.5)),B79+M$7,_xlfn.workday.intl(int(B79),1,"0000001",Holidays!A:A)+hour(B79+M$7-$B$1)/24+minute(B79)/1440),"") -> 46107.699 | N79: 46107.584 | O79: Done | P79: =IF(B79<>0,(if(O79="Pending",if($A$2>M79,$A$2-M79,0),if(N79>M79,N79-M79,0))),"") -> 0 | Q79: EMP0237 Swarnendu Chakraborty | R79: Requirements Clear | S79: =if(M79,if(and(hour(M79+S$7)>9.5,(hour(M79+S$7)<19.5)),M79+S$7,_xlfn.workday.intl(int(M79),1,"0000001",Holidays!A:A)+hour(M79+S$7-$B$1)/24+minute(M79)/1440),"") -> 46107.706 | T79: 46107.584 | U79: Done | V79: =IF(B79<>0,(if(U79="Pending",if($A$2>S79,$A$2-S79,0),if(T79>S79,T79-S79,0))),"") -> 0 | W79: =IF(B79<>"",Q79,"") -> EMP0237 Swarnendu Chakraborty | X79: =if(S79,if(and(hour(S79+X$7)>9.5,(hour(S79+X$7)<19.5)),S79+X$7,_xlfn.workday.intl(int(S79),1,"0000001",Holidays!A:A)+hour(S79+X$7-$B$1)/24+minute(S79)/1440),"") -> 46107.81 | Y79: 46107.584 | Z79: Done | AA79: =IF(B79<>0,(if(Z79="Pending",if($AD$1>X79,$AD$1-X79,0),if(Y79>X79,Y79-X79,0))),"") -> 0 | AB79: =IF(B79<>"",W79,"") -> EMP0237 Swarnendu Chakraborty | AC79: =if(X79,_xlfn.WORKDAY.INTL(X79,AC$7,"0000001",Holidays!A:A)+hour(X79)/24+MINUTE(X79)/1440,"") -> 46108.81 | AD79: 46108.716 | AE79: Done | AF79: =IF(B79<>0,(if(AD79="Pending",if($A$2>AC79,$A$2-AC79,0),if(AD79>AC79,AD79-AC79,0))),"") -> 0 | AG79: =IF(B79<>"",AB79,"") -> EMP0237 Swarnendu Chakraborty | AH79: =if(AC79,if(and(hour(AC79+AH$7)>9.5,(hour(AC79+AH$7)<19.5)),AC79+AH$7,_xlfn.workday.intl(int(AC79),1,"0000001",Holidays!A:A)+hour(AC79+AH$7-$B$1)/24+minute(AC79)/1440),"") -> 46109.435 | AI79: 46108.584 | AJ79: Done | AK79: =IF(B79<>0,(if(AJ79="Pending",if($A$2>AH79,$A$2-AH79,0),if(AI79>AH79,AI79-AH79,0))),"") -> 0 | AL79: =IF(B79<>"",AG79,"") -> EMP0237 Swarnendu Chakraborty | AN79: Click Here
A80: =if($B80<>"",A79+1,"") -> 5031 | B80: 46107.57 | C80: STUDENTS REGISTRATION COUNT | D80: CBLU | E80: https://drive.google.com/open?id=1817L_CcTiyhxuMz2bpKQkKkZCN3iZzdg | G80: ALL | H80: Change in logic | I80: Smart-Exam | J80: DHIRAJ KUMAR | L80: URGENT NEED FOR BILL GENERATION | M80: =if(B80,if(and(hour(B80+M$7)>9.5,(hour(B80+M$7)<19.5)),B80+M$7,_xlfn.workday.intl(int(B80),1,"0000001",Holidays!A:A)+hour(B80+M$7-$B$1)/24+minute(B80)/1440),"") -> 46107.736 | N80: 46107.584 | O80: Done | P80: =IF(B80<>0,(if(O80="Pending",if($A$2>M80,$A$2-M80,0),if(N80>M80,N80-M80,0))),"") -> 0 | Q80: EMP0237 Swarnendu Chakraborty | R80: Requirements Clear | S80: =if(M80,if(and(hour(M80+S$7)>9.5,(hour(M80+S$7)<19.5)),M80+S$7,_xlfn.workday.intl(int(M80),1,"0000001",Holidays!A:A)+hour(M80+S$7-$B$1)/24+minute(M80)/1440),"") -> 46107.743 | T80: 46107.584 | U80: Done | V80: =IF(B80<>0,(if(U80="Pending",if($A$2>S80,$A$2-S80,0),if(T80>S80,T80-S80,0))),"") -> 0 | W80: =IF(B80<>"",Q80,"") -> EMP0237 Swarnendu Chakraborty | X80: =if(S80,if(and(hour(S80+X$7)>9.5,(hour(S80+X$7)<19.5)),S80+X$7,_xlfn.workday.intl(int(S80),1,"0000001",Holidays!A:A)+hour(S80+X$7-$B$1)/24+minute(S80)/1440),"") -> 46108.451 | Y80: 46107.585 | Z80: Done | AA80: =IF(B80<>0,(if(Z80="Pending",if($AD$1>X80,$AD$1-X80,0),if(Y80>X80,Y80-X80,0))),"") -> 0 | AB80: =IF(B80<>"",W80,"") -> EMP0237 Swarnendu Chakraborty | AC80: =if(X80,_xlfn.WORKDAY.INTL(X80,AC$7,"0000001",Holidays!A:A)+hour(X80)/24+MINUTE(X80)/1440,"") -> 46109.451 | AD80: 46108.716 | AE80: Done | AF80: =IF(B80<>0,(if(AD80="Pending",if($A$2>AC80,$A$2-AC80,0),if(AD80>AC80,AD80-AC80,0))),"") -> 0 | AG80: =IF(B80<>"",AB80,"") -> EMP0237 Swarnendu Chakraborty | AH80: =if(AC80,if(and(hour(AC80+AH$7)>9.5,(hour(AC80+AH$7)<19.5)),AC80+AH$7,_xlfn.workday.intl(int(AC80),1,"0000001",Holidays!A:A)+hour(AC80+AH$7-$B$1)/24+minute(AC80)/1440),"") -> 46109.493 | AI80: 46108.584 | AJ80: Done | AK80: =IF(B80<>0,(if(AJ80="Pending",if($A$2>AH80,$A$2-AH80,0),if(AI80>AH80,AI80-AH80,0))),"") -> 0 | AL80: =IF(B80<>"",AG80,"") -> EMP0237 Swarnendu Chakraborty | AN80: Click Here
A81: =if($B81<>"",A80+1,"") -> 5032 | B81: 46108.535 | C81: TR | D81: SMKV | E81: https://drive.google.com/open?id=1eO0s01Pur0mLCr-2-hLE8OgAAX8aFRIv | G81: Course Wise | H81: Other changes | I81: Smart-Exam | J81: Rohit Singh | L81: Grace marks show only one digit in TR | M81: =if(B81,if(and(hour(B81+M$7)>9.5,(hour(B81+M$7)<19.5)),B81+M$7,_xlfn.workday.intl(int(B81),1,"0000001",Holidays!A:A)+hour(B81+M$7-$B$1)/24+minute(B81)/1440),"") -> 46108.701 | N81: 46108.616 | O81: Done | P81: =IF(B81<>0,(if(O81="Pending",if($A$2>M81,$A$2-M81,0),if(N81>M81,N81-M81,0))),"") -> 0 | Q81: EMP0042 HULESHWAR KUMAR SAHU | R81: Requirements Clear | S81: =if(M81,if(and(hour(M81+S$7)>9.5,(hour(M81+S$7)<19.5)),M81+S$7,_xlfn.workday.intl(int(M81),1,"0000001",Holidays!A:A)+hour(M81+S$7-$B$1)/24+minute(M81)/1440),"") -> 46108.708 | T81: 46108.584 | U81: Done | V81: =IF(B81<>0,(if(U81="Pending",if($A$2>S81,$A$2-S81,0),if(T81>S81,T81-S81,0))),"") -> 0 | W81: =IF(B81<>"",Q81,"") -> EMP0042 HULESHWAR KUMAR SAHU | X81: =if(S81,if(and(hour(S81+X$7)>9.5,(hour(S81+X$7)<19.5)),S81+X$7,_xlfn.workday.intl(int(S81),1,"0000001",Holidays!A:A)+hour(S81+X$7-$B$1)/24+minute(S81)/1440),"") -> 46108.812 | Y81: 46108.584 | Z81: Done | AA81: =IF(B81<>0,(if(Z81="Pending",if($AD$1>X81,$AD$1-X81,0),if(Y81>X81,Y81-X81,0))),"") -> 0 | AB81: =IF(B81<>"",W81,"") -> EMP0042 HULESHWAR KUMAR SAHU | AC81: =if(X81,_xlfn.WORKDAY.INTL(X81,AC$7,"0000001",Holidays!A:A)+hour(X81)/24+MINUTE(X81)/1440,"") -> 46109.812 | AD81: 46108.673 | AE81: Done | AF81: =IF(B81<>0,(if(AD81="Pending",if($A$2>AC81,$A$2-AC81,0),if(AD81>AC81,AD81-AC81,0))),"") -> 0 | AG81: =IF(B81<>"",AB81,"") -> EMP0042 HULESHWAR KUMAR SAHU | AH81: =if(AC81,if(and(hour(AC81+AH$7)>9.5,(hour(AC81+AH$7)<19.5)),AC81+AH$7,_xlfn.workday.intl(int(AC81),1,"0000001",Holidays!A:A)+hour(AC81+AH$7-$B$1)/24+minute(AC81)/1440),"") -> 46111.437 | AI81: 46108.673 | AJ81: Done | AK81: =IF(B81<>0,(if(AJ81="Pending",if($A$2>AH81,$A$2-AH81,0),if(AI81>AH81,AI81-AH81,0))),"") -> 0 | AL81: =IF(B81<>"",AG81,"") -> EMP0042 HULESHWAR KUMAR SAHU | AN81: Click Here
A82: 5033 | B82: 46108.674 | C82: NEP TR | D82: IGU | E82: https://drive.google.com/open?id=1-xsHUdZish-2iM7jBAeMd4Ut9MuulfJ0 | F82: https://drive.google.com/open?id=1W5KgKxbv60GZ7MRB-SPdla0iOwsTpUm8 | G82: NEP 3RD SEM MA SANSKRIT | H82: Other changes | I82: Smart-Exam | J82: BISWAJIT MAJHI | L82: PLEASE CHECK THE MATTER IST VERY URGENT | M82: =if(B82,if(and(hour(B82+M$7)>9.5,(hour(B82+M$7)<19.5)),B82+M$7,_xlfn.workday.intl(int(B82),1,"0000001",Holidays!A:A)+hour(B82+M$7-$B$1)/24+minute(B82)/1440),"") -> 46109.424 | N82: 46108.783 | O82: Done | P82: =IF(B82<>0,(if(O82="Pending",if($A$2>M82,$A$2-M82,0),if(N82>M82,N82-M82,0))),"") -> 0 | Q82: EMP0042 HULESHWAR KUMAR SAHU | R82: Requirements Clear | S82: =if(M82,if(and(hour(M82+S$7)>9.5,(hour(M82+S$7)<19.5)),M82+S$7,_xlfn.workday.intl(int(M82),1,"0000001",Holidays!A:A)+hour(M82+S$7-$B$1)/24+minute(M82)/1440),"") -> 46109.431 | T82: 46108.79 | U82: Done | V82: =IF(B82<>0,(if(U82="Pending",if($A$2>S82,$A$2-S82,0),if(T82>S82,T82-S82,0))),"") -> 0 | W82: =IF(B82<>"",Q82,"") -> EMP0042 HULESHWAR KUMAR SAHU | X82: =if(S82,if(and(hour(S82+X$7)>9.5,(hour(S82+X$7)<19.5)),S82+X$7,_xlfn.workday.intl(int(S82),1,"0000001",Holidays!A:A)+hour(S82+X$7-$B$1)/24+minute(S82)/1440),"") -> 46109.535 | Y82: 46108.79 | Z82: Done | AA82: =IF(B82<>0,(if(Z82="Pending",if($AD$1>X82,$AD$1-X82,0),if(Y82>X82,Y82-X82,0))),"") -> 0 | AB82: =IF(B82<>"",W82,"") -> EMP0042 HULESHWAR KUMAR SAHU | AC82: =if(X82,_xlfn.WORKDAY.INTL(X82,AC$7,"0000001",Holidays!A:A)+hour(X82)/24+MINUTE(X82)/1440,"") -> 46111.535 | AD82: 46110.71 | AE82: Done | AF82: =IF(B82<>0,(if(AD82="Pending",if($A$2>AC82,$A$2-AC82,0),if(AD82>AC82,AD82-AC82,0))),"") -> 0 | AG82: =IF(B82<>"",AB82,"") -> EMP0042 HULESHWAR KUMAR SAHU | AH82: =if(AC82,if(and(hour(AC82+AH$7)>9.5,(hour(AC82+AH$7)<19.5)),AC82+AH$7,_xlfn.workday.intl(int(AC82),1,"0000001",Holidays!A:A)+hour(AC82+AH$7-$B$1)/24+minute(AC82)/1440),"") -> 46111.576 | AI82: 46110.71 | AJ82: Done | AK82: =IF(B82<>0,(if(AJ82="Pending",if($A$2>AH82,$A$2-AH82,0),if(AI82>AH82,AI82-AH82,0))),"") -> 0 | AL82: =IF(B82<>"",AG82,"") -> EMP0042 HULESHWAR KUMAR SAHU | AN82: Click Here
A83: =if($B83<>"",A82+1,"") -> 5034 | B83: 46108.705 | C83: PRE PROCESS ERROR STEP-7 | D83: IGU | E83: https://drive.google.com/open?id=1x_6TrWs9IctsoBFHKNrlWBJqL9At4C1u | F83: https://drive.google.com/open?id=1h4Y2QhVp9jaHYWoc4LHt6aveOeDbmK0g | G83: ALL SEMERSTER & ALL COURSE | H83: Other changes | I83: Smart-Exam | J83: BISWAJIT MAJHI | L83: PLEASE CHECK THE MATTER | M83: =if(B83,if(and(hour(B83+M$7)>9.5,(hour(B83+M$7)<19.5)),B83+M$7,_xlfn.workday.intl(int(B83),1,"0000001",Holidays!A:A)+hour(B83+M$7-$B$1)/24+minute(B83)/1440),"") -> 46109.455 | N83: 46108.783 | O83: Done | P83: =IF(B83<>0,(if(O83="Pending",if($A$2>M83,$A$2-M83,0),if(N83>M83,N83-M83,0))),"") -> 0 | Q83: EMP0237 Swarnendu Chakraborty | R83: Requirements Clear | S83: =if(M83,if(and(hour(M83+S$7)>9.5,(hour(M83+S$7)<19.5)),M83+S$7,_xlfn.workday.intl(int(M83),1,"0000001",Holidays!A:A)+hour(M83+S$7-$B$1)/24+minute(M83)/1440),"") -> 46109.462 | T83: 46108.79 | U83: Done | V83: =IF(B83<>0,(if(U83="Pending",if($A$2>S83,$A$2-S83,0),if(T83>S83,T83-S83,0))),"") -> 0 | W83: =IF(B83<>"",Q83,"") -> EMP0237 Swarnendu Chakraborty | X83: =if(S83,if(and(hour(S83+X$7)>9.5,(hour(S83+X$7)<19.5)),S83+X$7,_xlfn.workday.intl(int(S83),1,"0000001",Holidays!A:A)+hour(S83+X$7-$B$1)/24+minute(S83)/1440),"") -> 46109.566 | Y83: 46108.79 | Z83: Done | AA83: =IF(B83<>0,(if(Z83="Pending",if($AD$1>X83,$AD$1-X83,0),if(Y83>X83,Y83-X83,0))),"") -> 0 | AB83: =IF(B83<>"",W83,"") -> EMP0237 Swarnendu Chakraborty | AC83: =if(X83,_xlfn.WORKDAY.INTL(X83,AC$7,"0000001",Holidays!A:A)+hour(X83)/24+MINUTE(X83)/1440,"") -> 46111.566 | AD83: 46109.681 | AE83: Done | AF83: =IF(B83<>0,(if(AD83="Pending",if($A$2>AC83,$A$2-AC83,0),if(AD83>AC83,AD83-AC83,0))),"") -> 0 | AG83: =IF(B83<>"",AB83,"") -> EMP0237 Swarnendu Chakraborty | AH83: =if(AC83,if(and(hour(AC83+AH$7)>9.5,(hour(AC83+AH$7)<19.5)),AC83+AH$7,_xlfn.workday.intl(int(AC83),1,"0000001",Holidays!A:A)+hour(AC83+AH$7-$B$1)/24+minute(AC83)/1440),"") -> 46111.608 | AI83: 46109.681 | AJ83: Done | AK83: =IF(B83<>0,(if(AJ83="Pending",if($A$2>AH83,$A$2-AH83,0),if(AI83>AH83,AI83-AH83,0))),"") -> 0 | AL83: =IF(B83<>"",AG83,"") -> EMP0237 Swarnendu Chakraborty | AN83: Click Here
